,cve.id,cve.sourceIdentifier,cve.published,cve.lastModified,cve.vulnStatus,cve.references,cve.cisaExploitAdd,cve.cisaActionDue,cve.cisaRequiredAction,cve.cisaVulnerabilityName,description,vulnerable_cpes,num_references,cwe_list,cvss_version,cvss_vectorString,cvss_baseScore,cvss_baseSeverity,cvss_attackVector,cvss_attackComplexity,cvss_privilegesRequired,cvss_userInteraction,cvss_scope,cvss_confidentialityImpact,cvss_integrityImpact,cvss_availabilityImpact,cve,epss,percentile
641,CVE-2025-48543,security@android.com,2025-09-04 19:15:40.780,2025-10-23 14:52:51.863,Analyzed,"[{'url': 'https://android.googlesource.com/platform/art/+/444fc40dfb04d2ec5f74c443ed3a4dd45d3131f2', 'source': 'security@android.com', 'tags': ['Patch', 'Product']}, {'url': 'https://source.android.com/security/bulletin/2025-09-01', 'source': 'security@android.com', 'tags': ['Vendor Advisory']}, {'url': 'https://www.cisa.gov/known-exploited-vulnerabilities-catalog?field_cve=CVE-2025-48543', 'source': '134c704f-9b21-4f2e-91b3-4a467353bcc0', 'tags': ['Third Party Advisory', 'US Government Resource']}]",2025-09-04,2025-09-25,"Apply mitigations per vendor instructions, follow applicable BOD 22-01 guidance for cloud services, or discontinue use of the product if mitigations are unavailable.",Android Runtime Use-After-Free Vulnerability,"In multiple locations, there is a possible way to escape chrome sandbox to attack android system_server due to a use after free. This could lead to local escalation of privilege with no additional execution privileges needed. User interaction is not needed for exploitation.","['cpe:2.3:o:google:android:13.0:*:*:*:*:*:*:*', 'cpe:2.3:o:google:android:14.0:*:*:*:*:*:*:*', 'cpe:2.3:o:google:android:15.0:*:*:*:*:*:*:*', 'cpe:2.3:o:google:android:16.0:*:*:*:*:*:*:*']",3,['CWE-416'],3.1,CVSS:3.1/AV:L/AC:L/PR:L/UI:N/S:C/C:H/I:H/A:H,8.8,HIGH,LOCAL,LOW,LOW,NONE,CHANGED,HIGH,HIGH,HIGH,CVE-2025-48543,0.00085,0.2587
1163,CVE-2025-54236,psirt@adobe.com,2025-09-09 14:15:46.563,2026-02-05 02:00:02.273,Analyzed,"[{'url': 'https://helpx.adobe.com/security/products/magento/apsb25-88.html', 'source': 'psirt@adobe.com', 'tags': ['Vendor Advisory']}, {'url': 'https://experienceleague.adobe.com/en/docs/experience-cloud-kcs/kbarticles/ka-27397', 'source': '134c704f-9b21-4f2e-91b3-4a467353bcc0', 'tags': ['Vendor Advisory']}, {'url': 'https://nullsecurityx.codes/cve-2025-54236-sessionreaper-unauthenticated-rce-in-magento', 'source': '134c704f-9b21-4f2e-91b3-4a467353bcc0', 'tags': ['Broken Link', 'Exploit', 'Third Party Advisory']}, {'url': 'https://www.cisa.gov/known-exploited-vulnerabilities-catalog?field_cve=CVE-2025-54236', 'source': '134c704f-9b21-4f2e-91b3-4a467353bcc0', 'tags': ['US Government Resource']}]",2025-10-24,2025-11-14,"Apply mitigations per vendor instructions, follow applicable BOD 22-01 guidance for cloud services, or discontinue use of the product if mitigations are unavailable.",Adobe Commerce and?Magento Improper Input Validation Vulnerability,"Adobe Commerce versions 2.4.9-alpha2, 2.4.8-p2, 2.4.7-p7, 2.4.6-p12, 2.4.5-p14, 2.4.4-p15 and earlier are affected by an Improper Input Validation vulnerability. A successful attacker can abuse this to achieve session takeover, increasing the confidentiality, and integrity impact to high. Exploitation of this issue does not require user interaction.","['cpe:2.3:a:adobe:commerce:2.4.4:-:*:*:*:*:*:*', 'cpe:2.3:a:adobe:commerce:2.4.4:p1:*:*:*:*:*:*', 'cpe:2.3:a:adobe:commerce:2.4.4:p10:*:*:*:*:*:*', 'cpe:2.3:a:adobe:commerce:2.4.4:p11:*:*:*:*:*:*', 'cpe:2.3:a:adobe:commerce:2.4.4:p12:*:*:*:*:*:*', 'cpe:2.3:a:adobe:commerce:2.4.4:p13:*:*:*:*:*:*', 'cpe:2.3:a:adobe:commerce:2.4.4:p14:*:*:*:*:*:*', 'cpe:2.3:a:adobe:commerce:2.4.4:p15:*:*:*:*:*:*', 'cpe:2.3:a:adobe:commerce:2.4.4:p2:*:*:*:*:*:*', 'cpe:2.3:a:adobe:commerce:2.4.4:p3:*:*:*:*:*:*', 'cpe:2.3:a:adobe:commerce:2.4.4:p4:*:*:*:*:*:*', 'cpe:2.3:a:adobe:commerce:2.4.4:p5:*:*:*:*:*:*', 'cpe:2.3:a:adobe:commerce:2.4.4:p6:*:*:*:*:*:*', 'cpe:2.3:a:adobe:commerce:2.4.4:p7:*:*:*:*:*:*', 'cpe:2.3:a:adobe:commerce:2.4.4:p8:*:*:*:*:*:*', 'cpe:2.3:a:adobe:commerce:2.4.4:p9:*:*:*:*:*:*', 'cpe:2.3:a:adobe:commerce:2.4.5:-:*:*:*:*:*:*', 'cpe:2.3:a:adobe:commerce:2.4.5:p1:*:*:*:*:*:*', 'cpe:2.3:a:adobe:commerce:2.4.5:p10:*:*:*:*:*:*', 'cpe:2.3:a:adobe:commerce:2.4.5:p11:*:*:*:*:*:*', 'cpe:2.3:a:adobe:commerce:2.4.5:p12:*:*:*:*:*:*', 'cpe:2.3:a:adobe:commerce:2.4.5:p13:*:*:*:*:*:*', 'cpe:2.3:a:adobe:commerce:2.4.5:p14:*:*:*:*:*:*', 'cpe:2.3:a:adobe:commerce:2.4.5:p2:*:*:*:*:*:*', 'cpe:2.3:a:adobe:commerce:2.4.5:p3:*:*:*:*:*:*', 'cpe:2.3:a:adobe:commerce:2.4.5:p4:*:*:*:*:*:*', 'cpe:2.3:a:adobe:commerce:2.4.5:p5:*:*:*:*:*:*', 'cpe:2.3:a:adobe:commerce:2.4.5:p6:*:*:*:*:*:*', 'cpe:2.3:a:adobe:commerce:2.4.5:p7:*:*:*:*:*:*', 'cpe:2.3:a:adobe:commerce:2.4.5:p8:*:*:*:*:*:*', 'cpe:2.3:a:adobe:commerce:2.4.5:p9:*:*:*:*:*:*', 'cpe:2.3:a:adobe:commerce:2.4.6:-:*:*:*:*:*:*', 'cpe:2.3:a:adobe:commerce:2.4.6:p1:*:*:*:*:*:*', 'cpe:2.3:a:adobe:commerce:2.4.6:p10:*:*:*:*:*:*', 'cpe:2.3:a:adobe:commerce:2.4.6:p11:*:*:*:*:*:*', 'cpe:2.3:a:adobe:commerce:2.4.6:p12:*:*:*:*:*:*', 'cpe:2.3:a:adobe:commerce:2.4.6:p2:*:*:*:*:*:*', 'cpe:2.3:a:adobe:commerce:2.4.6:p3:*:*:*:*:*:*', 'cpe:2.3:a:adobe:commerce:2.4.6:p4:*:*:*:*:*:*', 'cpe:2.3:a:adobe:commerce:2.4.6:p5:*:*:*:*:*:*', 'cpe:2.3:a:adobe:commerce:2.4.6:p6:*:*:*:*:*:*', 'cpe:2.3:a:adobe:commerce:2.4.6:p7:*:*:*:*:*:*', 'cpe:2.3:a:adobe:commerce:2.4.6:p8:*:*:*:*:*:*', 'cpe:2.3:a:adobe:commerce:2.4.6:p9:*:*:*:*:*:*', 'cpe:2.3:a:adobe:commerce:2.4.7:-:*:*:*:*:*:*', 'cpe:2.3:a:adobe:commerce:2.4.7:b1:*:*:*:*:*:*', 'cpe:2.3:a:adobe:commerce:2.4.7:b2:*:*:*:*:*:*', 'cpe:2.3:a:adobe:commerce:2.4.7:beta3:*:*:*:*:*:*', 'cpe:2.3:a:adobe:commerce:2.4.7:p1:*:*:*:*:*:*', 'cpe:2.3:a:adobe:commerce:2.4.7:p2:*:*:*:*:*:*', 'cpe:2.3:a:adobe:commerce:2.4.7:p3:*:*:*:*:*:*', 'cpe:2.3:a:adobe:commerce:2.4.7:p4:*:*:*:*:*:*', 'cpe:2.3:a:adobe:commerce:2.4.7:p5:*:*:*:*:*:*', 'cpe:2.3:a:adobe:commerce:2.4.7:p6:*:*:*:*:*:*', 'cpe:2.3:a:adobe:commerce:2.4.7:p7:*:*:*:*:*:*', 'cpe:2.3:a:adobe:commerce:2.4.8:-:*:*:*:*:*:*', 'cpe:2.3:a:adobe:commerce:2.4.8:beta1:*:*:*:*:*:*', 'cpe:2.3:a:adobe:commerce:2.4.8:beta2:*:*:*:*:*:*', 'cpe:2.3:a:adobe:commerce:2.4.8:p1:*:*:*:*:*:*', 'cpe:2.3:a:adobe:commerce:2.4.8:p2:*:*:*:*:*:*', 'cpe:2.3:a:adobe:commerce:2.4.9:alpha1:*:*:*:*:*:*', 'cpe:2.3:a:adobe:commerce:2.4.9:alpha2:*:*:*:*:*:*', 'cpe:2.3:a:adobe:commerce_b2b:1.3.3:-:*:*:*:*:*:*', 'cpe:2.3:a:adobe:commerce_b2b:1.3.3:p1:*:*:*:*:*:*', 'cpe:2.3:a:adobe:commerce_b2b:1.3.3:p10:*:*:*:*:*:*', 'cpe:2.3:a:adobe:commerce_b2b:1.3.3:p11:*:*:*:*:*:*', 'cpe:2.3:a:adobe:commerce_b2b:1.3.3:p12:*:*:*:*:*:*', 'cpe:2.3:a:adobe:commerce_b2b:1.3.3:p13:*:*:*:*:*:*', 'cpe:2.3:a:adobe:commerce_b2b:1.3.3:p14:*:*:*:*:*:*', 'cpe:2.3:a:adobe:commerce_b2b:1.3.3:p15:*:*:*:*:*:*', 'cpe:2.3:a:adobe:commerce_b2b:1.3.3:p2:*:*:*:*:*:*', 'cpe:2.3:a:adobe:commerce_b2b:1.3.3:p3:*:*:*:*:*:*', 'cpe:2.3:a:adobe:commerce_b2b:1.3.3:p4:*:*:*:*:*:*', 'cpe:2.3:a:adobe:commerce_b2b:1.3.3:p5:*:*:*:*:*:*', 'cpe:2.3:a:adobe:commerce_b2b:1.3.3:p6:*:*:*:*:*:*', 'cpe:2.3:a:adobe:commerce_b2b:1.3.3:p7:*:*:*:*:*:*', 'cpe:2.3:a:adobe:commerce_b2b:1.3.3:p8:*:*:*:*:*:*', 'cpe:2.3:a:adobe:commerce_b2b:1.3.3:p9:*:*:*:*:*:*', 'cpe:2.3:a:adobe:commerce_b2b:1.3.4:-:*:*:*:*:*:*', 'cpe:2.3:a:adobe:commerce_b2b:1.3.4:p1:*:*:*:*:*:*', 'cpe:2.3:a:adobe:commerce_b2b:1.3.4:p10:*:*:*:*:*:*', 'cpe:2.3:a:adobe:commerce_b2b:1.3.4:p11:*:*:*:*:*:*', 'cpe:2.3:a:adobe:commerce_b2b:1.3.4:p12:*:*:*:*:*:*', 'cpe:2.3:a:adobe:commerce_b2b:1.3.4:p13:*:*:*:*:*:*', 'cpe:2.3:a:adobe:commerce_b2b:1.3.4:p14:*:*:*:*:*:*', 'cpe:2.3:a:adobe:commerce_b2b:1.3.4:p2:*:*:*:*:*:*', 'cpe:2.3:a:adobe:commerce_b2b:1.3.4:p3:*:*:*:*:*:*', 'cpe:2.3:a:adobe:commerce_b2b:1.3.4:p4:*:*:*:*:*:*', 'cpe:2.3:a:adobe:commerce_b2b:1.3.4:p5:*:*:*:*:*:*', 'cpe:2.3:a:adobe:commerce_b2b:1.3.4:p6:*:*:*:*:*:*', 'cpe:2.3:a:adobe:commerce_b2b:1.3.4:p7:*:*:*:*:*:*', 'cpe:2.3:a:adobe:commerce_b2b:1.3.4:p8:*:*:*:*:*:*', 'cpe:2.3:a:adobe:commerce_b2b:1.3.4:p9:*:*:*:*:*:*', 'cpe:2.3:a:adobe:commerce_b2b:1.4.2:-:*:*:*:*:*:*', 'cpe:2.3:a:adobe:commerce_b2b:1.4.2:p1:*:*:*:*:*:*', 'cpe:2.3:a:adobe:commerce_b2b:1.4.2:p2:*:*:*:*:*:*', 'cpe:2.3:a:adobe:commerce_b2b:1.4.2:p3:*:*:*:*:*:*', 'cpe:2.3:a:adobe:commerce_b2b:1.4.2:p4:*:*:*:*:*:*', 'cpe:2.3:a:adobe:commerce_b2b:1.4.2:p5:*:*:*:*:*:*', 'cpe:2.3:a:adobe:commerce_b2b:1.4.2:p6:*:*:*:*:*:*', 'cpe:2.3:a:adobe:commerce_b2b:1.4.2:p7:*:*:*:*:*:*', 'cpe:2.3:a:adobe:commerce_b2b:1.5.2:-:*:*:*:*:*:*', 'cpe:2.3:a:adobe:commerce_b2b:1.5.2:p1:*:*:*:*:*:*', 'cpe:2.3:a:adobe:commerce_b2b:1.5.2:p2:*:*:*:*:*:*', 'cpe:2.3:a:adobe:commerce_b2b:1.5.3:alpha1:*:*:*:*:*:*', 'cpe:2.3:a:adobe:commerce_b2b:1.5.3:alpha2:*:*:*:*:*:*', 'cpe:2.3:a:adobe:magento:2.4.5:-:*:*:open_source:*:*:*', 'cpe:2.3:a:adobe:magento:2.4.5:p1:*:*:open_source:*:*:*', 'cpe:2.3:a:adobe:magento:2.4.5:p10:*:*:open_source:*:*:*', 'cpe:2.3:a:adobe:magento:2.4.5:p11:*:*:open_source:*:*:*', 'cpe:2.3:a:adobe:magento:2.4.5:p12:*:*:open_source:*:*:*', 'cpe:2.3:a:adobe:magento:2.4.5:p13:*:*:open_source:*:*:*', 'cpe:2.3:a:adobe:magento:2.4.5:p14:*:*:open_source:*:*:*', 'cpe:2.3:a:adobe:magento:2.4.5:p2:*:*:open_source:*:*:*', 'cpe:2.3:a:adobe:magento:2.4.5:p3:*:*:open_source:*:*:*', 'cpe:2.3:a:adobe:magento:2.4.5:p4:*:*:open_source:*:*:*', 'cpe:2.3:a:adobe:magento:2.4.5:p5:*:*:open_source:*:*:*', 'cpe:2.3:a:adobe:magento:2.4.5:p6:*:*:open_source:*:*:*', 'cpe:2.3:a:adobe:magento:2.4.5:p7:*:*:open_source:*:*:*', 'cpe:2.3:a:adobe:magento:2.4.5:p8:*:*:open_source:*:*:*', 'cpe:2.3:a:adobe:magento:2.4.5:p9:*:*:open_source:*:*:*', 'cpe:2.3:a:adobe:magento:2.4.6:-:*:*:open_source:*:*:*', 'cpe:2.3:a:adobe:magento:2.4.6:p1:*:*:open_source:*:*:*', 'cpe:2.3:a:adobe:magento:2.4.6:p10:*:*:open_source:*:*:*', 'cpe:2.3:a:adobe:magento:2.4.6:p11:*:*:open_source:*:*:*', 'cpe:2.3:a:adobe:magento:2.4.6:p12:*:*:open_source:*:*:*', 'cpe:2.3:a:adobe:magento:2.4.6:p2:*:*:open_source:*:*:*', 'cpe:2.3:a:adobe:magento:2.4.6:p3:*:*:open_source:*:*:*', 'cpe:2.3:a:adobe:magento:2.4.6:p4:*:*:open_source:*:*:*', 'cpe:2.3:a:adobe:magento:2.4.6:p5:*:*:open_source:*:*:*', 'cpe:2.3:a:adobe:magento:2.4.6:p6:*:*:open_source:*:*:*', 'cpe:2.3:a:adobe:magento:2.4.6:p7:*:*:open_source:*:*:*', 'cpe:2.3:a:adobe:magento:2.4.6:p8:*:*:open_source:*:*:*', 'cpe:2.3:a:adobe:magento:2.4.6:p9:*:*:open_source:*:*:*', 'cpe:2.3:a:adobe:magento:2.4.7:-:*:*:open_source:*:*:*', 'cpe:2.3:a:adobe:magento:2.4.7:b1:*:*:open_source:*:*:*', 'cpe:2.3:a:adobe:magento:2.4.7:b2:*:*:open_source:*:*:*', 'cpe:2.3:a:adobe:magento:2.4.7:beta3:*:*:open_source:*:*:*', 'cpe:2.3:a:adobe:magento:2.4.7:p1:*:*:open_source:*:*:*', 'cpe:2.3:a:adobe:magento:2.4.7:p2:*:*:open_source:*:*:*', 'cpe:2.3:a:adobe:magento:2.4.7:p3:*:*:open_source:*:*:*', 'cpe:2.3:a:adobe:magento:2.4.7:p4:*:*:open_source:*:*:*', 'cpe:2.3:a:adobe:magento:2.4.7:p5:*:*:open_source:*:*:*', 'cpe:2.3:a:adobe:magento:2.4.7:p6:*:*:open_source:*:*:*', 'cpe:2.3:a:adobe:magento:2.4.7:p7:*:*:open_source:*:*:*', 'cpe:2.3:a:adobe:magento:2.4.8:-:*:*:open_source:*:*:*', 'cpe:2.3:a:adobe:magento:2.4.8:beta1:*:*:open_source:*:*:*', 'cpe:2.3:a:adobe:magento:2.4.8:beta2:*:*:open_source:*:*:*', 'cpe:2.3:a:adobe:magento:2.4.8:p1:*:*:open_source:*:*:*', 'cpe:2.3:a:adobe:magento:2.4.8:p2:*:*:open_source:*:*:*', 'cpe:2.3:a:adobe:magento:2.4.9:alpha1:*:*:open_source:*:*:*', 'cpe:2.3:a:adobe:magento:2.4.9:alpha2:*:*:open_source:*:*:*']",4,['CWE-20'],3.1,CVSS:3.1/AV:N/AC:L/PR:N/UI:N/S:U/C:H/I:H/A:N,9.1,CRITICAL,NETWORK,LOW,NONE,NONE,UNCHANGED,HIGH,HIGH,NONE,CVE-2025-54236,0.00333,0.55705
1717,CVE-2025-21042,mobile.security@samsung.com,2025-09-12 08:15:44.743,2025-11-12 14:32:28.317,Analyzed,"[{'url': 'https://security.samsungmobile.com/securityUpdate.smsb?year=2025&month=04', 'source': 'mobile.security@samsung.com', 'tags': ['Vendor Advisory']}, {'url': 'https://unit42.paloaltonetworks.com/landfall-is-new-commercial-grade-android-spyware/', 'source': '134c704f-9b21-4f2e-91b3-4a467353bcc0', 'tags': ['Technical Description', 'Third Party Advisory']}, {'url': 'https://www.cisa.gov/known-exploited-vulnerabilities-catalog?field_cve=CVE-2025-21042', 'source': '134c704f-9b21-4f2e-91b3-4a467353bcc0', 'tags': ['US Government Resource']}]",2025-11-10,2025-12-01,"Apply mitigations per vendor instructions, follow applicable BOD 22-01 guidance for cloud services, or discontinue use of the product if mitigations are unavailable.",Samsung Mobile Devices Out-of-Bounds Write Vulnerability,Out-of-bounds write in libimagecodec.quram.so prior to SMR Apr-2025 Release 1 allows remote attackers to execute arbitrary code.,"['cpe:2.3:o:samsung:android:13.0:-:*:*:*:*:*:*', 'cpe:2.3:o:samsung:android:13.0:smr-apr-2022-r1:*:*:*:*:*:*', 'cpe:2.3:o:samsung:android:13.0:smr-apr-2023-r1:*:*:*:*:*:*', 'cpe:2.3:o:samsung:android:13.0:smr-apr-2024-r1:*:*:*:*:*:*', 'cpe:2.3:o:samsung:android:13.0:smr-aug-2022-r1:*:*:*:*:*:*', 'cpe:2.3:o:samsung:android:13.0:smr-aug-2023-r1:*:*:*:*:*:*', 'cpe:2.3:o:samsung:android:13.0:smr-aug-2024-r1:*:*:*:*:*:*', 'cpe:2.3:o:samsung:android:13.0:smr-dec-2021-r1:*:*:*:*:*:*', 'cpe:2.3:o:samsung:android:13.0:smr-dec-2022-r1:*:*:*:*:*:*', 'cpe:2.3:o:samsung:android:13.0:smr-dec-2023-r1:*:*:*:*:*:*', 'cpe:2.3:o:samsung:android:13.0:smr-dec-2024-r1:*:*:*:*:*:*', 'cpe:2.3:o:samsung:android:13.0:smr-feb-2022-r1:*:*:*:*:*:*', 'cpe:2.3:o:samsung:android:13.0:smr-feb-2023-r1:*:*:*:*:*:*', 'cpe:2.3:o:samsung:android:13.0:smr-feb-2024-r1:*:*:*:*:*:*', 'cpe:2.3:o:samsung:android:13.0:smr-feb-2025-r1:*:*:*:*:*:*', 'cpe:2.3:o:samsung:android:13.0:smr-jan-2022-r1:*:*:*:*:*:*', 'cpe:2.3:o:samsung:android:13.0:smr-jan-2023-r1:*:*:*:*:*:*', 'cpe:2.3:o:samsung:android:13.0:smr-jan-2024-r1:*:*:*:*:*:*', 'cpe:2.3:o:samsung:android:13.0:smr-jan-2025-r1:*:*:*:*:*:*', 'cpe:2.3:o:samsung:android:13.0:smr-jul-2022-r1:*:*:*:*:*:*', 'cpe:2.3:o:samsung:android:13.0:smr-jul-2023-r1:*:*:*:*:*:*', 'cpe:2.3:o:samsung:android:13.0:smr-jul-2024-r1:*:*:*:*:*:*', 'cpe:2.3:o:samsung:android:13.0:smr-jun-2022-r1:*:*:*:*:*:*', 'cpe:2.3:o:samsung:android:13.0:smr-jun-2023-r1:*:*:*:*:*:*', 'cpe:2.3:o:samsung:android:13.0:smr-jun-2024-r1:*:*:*:*:*:*', 'cpe:2.3:o:samsung:android:13.0:smr-mar-2022-r1:*:*:*:*:*:*', 'cpe:2.3:o:samsung:android:13.0:smr-mar-2023-r1:*:*:*:*:*:*', 'cpe:2.3:o:samsung:android:13.0:smr-mar-2024-r1:*:*:*:*:*:*', 'cpe:2.3:o:samsung:android:13.0:smr-may-2022-r1:*:*:*:*:*:*', 'cpe:2.3:o:samsung:android:13.0:smr-may-2023-r1:*:*:*:*:*:*', 'cpe:2.3:o:samsung:android:13.0:smr-may-2024-r1:*:*:*:*:*:*', 'cpe:2.3:o:samsung:android:13.0:smr-may-2025-r1:*:*:*:*:*:*', 'cpe:2.3:o:samsung:android:13.0:smr-nov-2021-r1:*:*:*:*:*:*', 'cpe:2.3:o:samsung:android:13.0:smr-nov-2022-r1:*:*:*:*:*:*', 'cpe:2.3:o:samsung:android:13.0:smr-nov-2023-r1:*:*:*:*:*:*', 'cpe:2.3:o:samsung:android:13.0:smr-nov-2024-r1:*:*:*:*:*:*', 'cpe:2.3:o:samsung:android:13.0:smr-oct-2022-r1:*:*:*:*:*:*', 'cpe:2.3:o:samsung:android:13.0:smr-oct-2023-r1:*:*:*:*:*:*', 'cpe:2.3:o:samsung:android:13.0:smr-oct-2024-r1:*:*:*:*:*:*', 'cpe:2.3:o:samsung:android:13.0:smr-sep-2022-r1:*:*:*:*:*:*', 'cpe:2.3:o:samsung:android:13.0:smr-sep-2023-r1:*:*:*:*:*:*', 'cpe:2.3:o:samsung:android:13.0:smr-sep-2024-r1:*:*:*:*:*:*', 'cpe:2.3:o:samsung:android:14.0:-:*:*:*:*:*:*', 'cpe:2.3:o:samsung:android:14.0:smr-apr-2022-r1:*:*:*:*:*:*', 'cpe:2.3:o:samsung:android:14.0:smr-apr-2023-r1:*:*:*:*:*:*', 'cpe:2.3:o:samsung:android:14.0:smr-apr-2024-r1:*:*:*:*:*:*', 'cpe:2.3:o:samsung:android:14.0:smr-aug-2022-r1:*:*:*:*:*:*', 'cpe:2.3:o:samsung:android:14.0:smr-aug-2023-r1:*:*:*:*:*:*', 'cpe:2.3:o:samsung:android:14.0:smr-aug-2024-r1:*:*:*:*:*:*', 'cpe:2.3:o:samsung:android:14.0:smr-dec-2021-r1:*:*:*:*:*:*', 'cpe:2.3:o:samsung:android:14.0:smr-dec-2022-r1:*:*:*:*:*:*', 'cpe:2.3:o:samsung:android:14.0:smr-dec-2023-r1:*:*:*:*:*:*', 'cpe:2.3:o:samsung:android:14.0:smr-dec-2024-r1:*:*:*:*:*:*', 'cpe:2.3:o:samsung:android:14.0:smr-feb-2022-r1:*:*:*:*:*:*', 'cpe:2.3:o:samsung:android:14.0:smr-feb-2023-r1:*:*:*:*:*:*', 'cpe:2.3:o:samsung:android:14.0:smr-feb-2024-r1:*:*:*:*:*:*', 'cpe:2.3:o:samsung:android:14.0:smr-feb-2025-r1:*:*:*:*:*:*', 'cpe:2.3:o:samsung:android:14.0:smr-jan-2022-r1:*:*:*:*:*:*', 'cpe:2.3:o:samsung:android:14.0:smr-jan-2023-r1:*:*:*:*:*:*', 'cpe:2.3:o:samsung:android:14.0:smr-jan-2024-r1:*:*:*:*:*:*', 'cpe:2.3:o:samsung:android:14.0:smr-jan-2025-r1:*:*:*:*:*:*', 'cpe:2.3:o:samsung:android:14.0:smr-jul-2022-r1:*:*:*:*:*:*', 'cpe:2.3:o:samsung:android:14.0:smr-jul-2023-r1:*:*:*:*:*:*', 'cpe:2.3:o:samsung:android:14.0:smr-jul-2024-r1:*:*:*:*:*:*', 'cpe:2.3:o:samsung:android:14.0:smr-jun-2022-r1:*:*:*:*:*:*', 'cpe:2.3:o:samsung:android:14.0:smr-jun-2023-r1:*:*:*:*:*:*', 'cpe:2.3:o:samsung:android:14.0:smr-jun-2024-r1:*:*:*:*:*:*', 'cpe:2.3:o:samsung:android:14.0:smr-mar-2022-r1:*:*:*:*:*:*', 'cpe:2.3:o:samsung:android:14.0:smr-mar-2023-r1:*:*:*:*:*:*', 'cpe:2.3:o:samsung:android:14.0:smr-mar-2024-r1:*:*:*:*:*:*', 'cpe:2.3:o:samsung:android:14.0:smr-mar-2025-r1:*:*:*:*:*:*', 'cpe:2.3:o:samsung:android:14.0:smr-may-2022-r1:*:*:*:*:*:*', 'cpe:2.3:o:samsung:android:14.0:smr-may-2023-r1:*:*:*:*:*:*', 'cpe:2.3:o:samsung:android:14.0:smr-may-2024-r1:*:*:*:*:*:*', 'cpe:2.3:o:samsung:android:14.0:smr-nov-2021-r1:*:*:*:*:*:*', 'cpe:2.3:o:samsung:android:14.0:smr-nov-2022-r1:*:*:*:*:*:*', 'cpe:2.3:o:samsung:android:14.0:smr-nov-2023-r1:*:*:*:*:*:*', 'cpe:2.3:o:samsung:android:14.0:smr-nov-2024-r1:*:*:*:*:*:*', 'cpe:2.3:o:samsung:android:14.0:smr-oct-2022-r1:*:*:*:*:*:*', 'cpe:2.3:o:samsung:android:14.0:smr-oct-2023-r1:*:*:*:*:*:*', 'cpe:2.3:o:samsung:android:14.0:smr-oct-2024-r1:*:*:*:*:*:*', 'cpe:2.3:o:samsung:android:14.0:smr-sep-2022-r1:*:*:*:*:*:*', 'cpe:2.3:o:samsung:android:14.0:smr-sep-2023-r1:*:*:*:*:*:*', 'cpe:2.3:o:samsung:android:14.0:smr-sep-2024-r1:*:*:*:*:*:*', 'cpe:2.3:o:samsung:android:15.0:-:*:*:*:*:*:*', 'cpe:2.3:o:samsung:android:15.0:smr-mar-2025-r1:*:*:*:*:*:*']",3,['CWE-787'],3.1,CVSS:3.1/AV:N/AC:L/PR:N/UI:N/S:U/C:H/I:H/A:H,9.8,CRITICAL,NETWORK,LOW,NONE,NONE,UNCHANGED,HIGH,HIGH,HIGH,CVE-2025-21042,0.00198,0.42262
1718,CVE-2025-21043,mobile.security@samsung.com,2025-09-12 08:15:44.920,2025-10-30 15:36:12.360,Analyzed,"[{'url': 'https://security.samsungmobile.com/securityUpdate.smsb?year=2025&month=09', 'source': 'mobile.security@samsung.com', 'tags': ['Vendor Advisory']}, {'url': 'https://www.cisa.gov/known-exploited-vulnerabilities-catalog?field_cve=CVE-2025-21043', 'source': '134c704f-9b21-4f2e-91b3-4a467353bcc0', 'tags': ['US Government Resource']}]",2025-10-02,2025-10-23,"Apply mitigations per vendor instructions, follow applicable BOD 22-01 guidance for cloud services, or discontinue use of the product if mitigations are unavailable.",Samsung Mobile Devices Out-of-Bounds Write Vulnerability,Out-of-bounds write in libimagecodec.quram.so prior to SMR Sep-2025 Release 1 allows remote attackers to execute arbitrary code.,"['cpe:2.3:o:samsung:android:13.0:-:*:*:*:*:*:*', 'cpe:2.3:o:samsung:android:13.0:smr-apr-2022-r1:*:*:*:*:*:*', 'cpe:2.3:o:samsung:android:13.0:smr-apr-2023-r1:*:*:*:*:*:*', 'cpe:2.3:o:samsung:android:13.0:smr-apr-2024-r1:*:*:*:*:*:*', 'cpe:2.3:o:samsung:android:13.0:smr-apr-2025-r1:*:*:*:*:*:*', 'cpe:2.3:o:samsung:android:13.0:smr-aug-2022-r1:*:*:*:*:*:*', 'cpe:2.3:o:samsung:android:13.0:smr-aug-2023-r1:*:*:*:*:*:*', 'cpe:2.3:o:samsung:android:13.0:smr-aug-2024-r1:*:*:*:*:*:*', 'cpe:2.3:o:samsung:android:13.0:smr-aug-2025-r1:*:*:*:*:*:*', 'cpe:2.3:o:samsung:android:13.0:smr-dec-2021-r1:*:*:*:*:*:*', 'cpe:2.3:o:samsung:android:13.0:smr-dec-2022-r1:*:*:*:*:*:*', 'cpe:2.3:o:samsung:android:13.0:smr-dec-2023-r1:*:*:*:*:*:*', 'cpe:2.3:o:samsung:android:13.0:smr-dec-2024-r1:*:*:*:*:*:*', 'cpe:2.3:o:samsung:android:13.0:smr-feb-2022-r1:*:*:*:*:*:*', 'cpe:2.3:o:samsung:android:13.0:smr-feb-2023-r1:*:*:*:*:*:*', 'cpe:2.3:o:samsung:android:13.0:smr-feb-2024-r1:*:*:*:*:*:*', 'cpe:2.3:o:samsung:android:13.0:smr-feb-2025-r1:*:*:*:*:*:*', 'cpe:2.3:o:samsung:android:13.0:smr-jan-2022-r1:*:*:*:*:*:*', 'cpe:2.3:o:samsung:android:13.0:smr-jan-2023-r1:*:*:*:*:*:*', 'cpe:2.3:o:samsung:android:13.0:smr-jan-2024-r1:*:*:*:*:*:*', 'cpe:2.3:o:samsung:android:13.0:smr-jan-2025-r1:*:*:*:*:*:*', 'cpe:2.3:o:samsung:android:13.0:smr-jul-2022-r1:*:*:*:*:*:*', 'cpe:2.3:o:samsung:android:13.0:smr-jul-2023-r1:*:*:*:*:*:*', 'cpe:2.3:o:samsung:android:13.0:smr-jul-2024-r1:*:*:*:*:*:*', 'cpe:2.3:o:samsung:android:13.0:smr-jul-2025-r1:*:*:*:*:*:*', 'cpe:2.3:o:samsung:android:13.0:smr-jun-2022-r1:*:*:*:*:*:*', 'cpe:2.3:o:samsung:android:13.0:smr-jun-2023-r1:*:*:*:*:*:*', 'cpe:2.3:o:samsung:android:13.0:smr-jun-2024-r1:*:*:*:*:*:*', 'cpe:2.3:o:samsung:android:13.0:smr-jun-2025-r1:*:*:*:*:*:*', 'cpe:2.3:o:samsung:android:13.0:smr-mar-2022-r1:*:*:*:*:*:*', 'cpe:2.3:o:samsung:android:13.0:smr-mar-2023-r1:*:*:*:*:*:*', 'cpe:2.3:o:samsung:android:13.0:smr-mar-2024-r1:*:*:*:*:*:*', 'cpe:2.3:o:samsung:android:13.0:smr-mar-2025-r1:*:*:*:*:*:*', 'cpe:2.3:o:samsung:android:13.0:smr-may-2022-r1:*:*:*:*:*:*', 'cpe:2.3:o:samsung:android:13.0:smr-may-2023-r1:*:*:*:*:*:*', 'cpe:2.3:o:samsung:android:13.0:smr-may-2024-r1:*:*:*:*:*:*', 'cpe:2.3:o:samsung:android:13.0:smr-may-2025-r1:*:*:*:*:*:*', 'cpe:2.3:o:samsung:android:13.0:smr-nov-2021-r1:*:*:*:*:*:*', 'cpe:2.3:o:samsung:android:13.0:smr-nov-2022-r1:*:*:*:*:*:*', 'cpe:2.3:o:samsung:android:13.0:smr-nov-2023-r1:*:*:*:*:*:*', 'cpe:2.3:o:samsung:android:13.0:smr-nov-2024-r1:*:*:*:*:*:*', 'cpe:2.3:o:samsung:android:13.0:smr-oct-2022-r1:*:*:*:*:*:*', 'cpe:2.3:o:samsung:android:13.0:smr-oct-2023-r1:*:*:*:*:*:*', 'cpe:2.3:o:samsung:android:13.0:smr-oct-2024-r1:*:*:*:*:*:*', 'cpe:2.3:o:samsung:android:13.0:smr-sep-2022-r1:*:*:*:*:*:*', 'cpe:2.3:o:samsung:android:13.0:smr-sep-2023-r1:*:*:*:*:*:*', 'cpe:2.3:o:samsung:android:13.0:smr-sep-2024-r1:*:*:*:*:*:*', 'cpe:2.3:o:samsung:android:14.0:-:*:*:*:*:*:*', 'cpe:2.3:o:samsung:android:14.0:smr-apr-2022-r1:*:*:*:*:*:*', 'cpe:2.3:o:samsung:android:14.0:smr-apr-2023-r1:*:*:*:*:*:*', 'cpe:2.3:o:samsung:android:14.0:smr-apr-2024-r1:*:*:*:*:*:*', 'cpe:2.3:o:samsung:android:14.0:smr-apr-2025-r1:*:*:*:*:*:*', 'cpe:2.3:o:samsung:android:14.0:smr-aug-2022-r1:*:*:*:*:*:*', 'cpe:2.3:o:samsung:android:14.0:smr-aug-2023-r1:*:*:*:*:*:*', 'cpe:2.3:o:samsung:android:14.0:smr-aug-2024-r1:*:*:*:*:*:*', 'cpe:2.3:o:samsung:android:14.0:smr-aug-2025-r1:*:*:*:*:*:*', 'cpe:2.3:o:samsung:android:14.0:smr-dec-2021-r1:*:*:*:*:*:*', 'cpe:2.3:o:samsung:android:14.0:smr-dec-2022-r1:*:*:*:*:*:*', 'cpe:2.3:o:samsung:android:14.0:smr-dec-2023-r1:*:*:*:*:*:*', 'cpe:2.3:o:samsung:android:14.0:smr-dec-2024-r1:*:*:*:*:*:*', 'cpe:2.3:o:samsung:android:14.0:smr-feb-2022-r1:*:*:*:*:*:*', 'cpe:2.3:o:samsung:android:14.0:smr-feb-2023-r1:*:*:*:*:*:*', 'cpe:2.3:o:samsung:android:14.0:smr-feb-2024-r1:*:*:*:*:*:*', 'cpe:2.3:o:samsung:android:14.0:smr-feb-2025-r1:*:*:*:*:*:*', 'cpe:2.3:o:samsung:android:14.0:smr-jan-2022-r1:*:*:*:*:*:*', 'cpe:2.3:o:samsung:android:14.0:smr-jan-2023-r1:*:*:*:*:*:*', 'cpe:2.3:o:samsung:android:14.0:smr-jan-2024-r1:*:*:*:*:*:*', 'cpe:2.3:o:samsung:android:14.0:smr-jan-2025-r1:*:*:*:*:*:*', 'cpe:2.3:o:samsung:android:14.0:smr-jul-2022-r1:*:*:*:*:*:*', 'cpe:2.3:o:samsung:android:14.0:smr-jul-2023-r1:*:*:*:*:*:*', 'cpe:2.3:o:samsung:android:14.0:smr-jul-2024-r1:*:*:*:*:*:*', 'cpe:2.3:o:samsung:android:14.0:smr-jul-2025-r1:*:*:*:*:*:*', 'cpe:2.3:o:samsung:android:14.0:smr-jun-2022-r1:*:*:*:*:*:*', 'cpe:2.3:o:samsung:android:14.0:smr-jun-2023-r1:*:*:*:*:*:*', 'cpe:2.3:o:samsung:android:14.0:smr-jun-2024-r1:*:*:*:*:*:*', 'cpe:2.3:o:samsung:android:14.0:smr-jun-2025-r1:*:*:*:*:*:*', 'cpe:2.3:o:samsung:android:14.0:smr-mar-2022-r1:*:*:*:*:*:*', 'cpe:2.3:o:samsung:android:14.0:smr-mar-2023-r1:*:*:*:*:*:*', 'cpe:2.3:o:samsung:android:14.0:smr-mar-2024-r1:*:*:*:*:*:*', 'cpe:2.3:o:samsung:android:14.0:smr-mar-2025-r1:*:*:*:*:*:*', 'cpe:2.3:o:samsung:android:14.0:smr-may-2022-r1:*:*:*:*:*:*', 'cpe:2.3:o:samsung:android:14.0:smr-may-2023-r1:*:*:*:*:*:*', 'cpe:2.3:o:samsung:android:14.0:smr-may-2024-r1:*:*:*:*:*:*', 'cpe:2.3:o:samsung:android:14.0:smr-may-2025-r1:*:*:*:*:*:*', 'cpe:2.3:o:samsung:android:14.0:smr-nov-2021-r1:*:*:*:*:*:*', 'cpe:2.3:o:samsung:android:14.0:smr-nov-2022-r1:*:*:*:*:*:*', 'cpe:2.3:o:samsung:android:14.0:smr-nov-2023-r1:*:*:*:*:*:*', 'cpe:2.3:o:samsung:android:14.0:smr-nov-2024-r1:*:*:*:*:*:*', 'cpe:2.3:o:samsung:android:14.0:smr-oct-2022-r1:*:*:*:*:*:*', 'cpe:2.3:o:samsung:android:14.0:smr-oct-2023-r1:*:*:*:*:*:*', 'cpe:2.3:o:samsung:android:14.0:smr-oct-2024-r1:*:*:*:*:*:*', 'cpe:2.3:o:samsung:android:14.0:smr-sep-2022-r1:*:*:*:*:*:*', 'cpe:2.3:o:samsung:android:14.0:smr-sep-2023-r1:*:*:*:*:*:*', 'cpe:2.3:o:samsung:android:14.0:smr-sep-2024-r1:*:*:*:*:*:*', 'cpe:2.3:o:samsung:android:15.0:-:*:*:*:*:*:*', 'cpe:2.3:o:samsung:android:15.0:smr-apr-2025-r1:*:*:*:*:*:*', 'cpe:2.3:o:samsung:android:15.0:smr-aug-2025-r1:*:*:*:*:*:*', 'cpe:2.3:o:samsung:android:15.0:smr-jul-2025-r1:*:*:*:*:*:*', 'cpe:2.3:o:samsung:android:15.0:smr-jun-2025-r1:*:*:*:*:*:*', 'cpe:2.3:o:samsung:android:15.0:smr-mar-2025-r1:*:*:*:*:*:*', 'cpe:2.3:o:samsung:android:15.0:smr-may-2025-r1:*:*:*:*:*:*', 'cpe:2.3:o:samsung:android:16.0:-:*:*:*:*:*:*', 'cpe:2.3:o:samsung:android:16.0:smr-aug-2025-r1:*:*:*:*:*:*']",2,['CWE-787'],3.1,CVSS:3.1/AV:N/AC:L/PR:N/UI:N/S:U/C:H/I:H/A:H,9.8,CRITICAL,NETWORK,LOW,NONE,NONE,UNCHANGED,HIGH,HIGH,HIGH,CVE-2025-21043,0.00137,0.34472
2497,CVE-2025-9242,5d1c2695-1a31-4499-88ae-e847036fd7e3,2025-09-17 08:15:33.960,2025-11-14 02:00:02.350,Analyzed,"[{'url': 'https://www.watchguard.com/wgrd-psirt/advisory/wgsa-2025-00015', 'source': '5d1c2695-1a31-4499-88ae-e847036fd7e3', 'tags': ['Vendor Advisory']}, {'url': 'https://github.com/watchtowrlabs/watchTowr-vs-WatchGuard-CVE-2025-9242/blob/main/watchTowr-vs-WatchGuard-CVE-2025-9242.py', 'source': '134c704f-9b21-4f2e-91b3-4a467353bcc0', 'tags': ['Exploit']}, {'url': 'https://www.cisa.gov/known-exploited-vulnerabilities-catalog?field_cve=CVE-2025-9242', 'source': '134c704f-9b21-4f2e-91b3-4a467353bcc0', 'tags': ['US Government Resource']}]",2025-11-12,2025-12-03,"Apply mitigations per vendor instructions, follow applicable BOD 22-01 guidance for cloud services, or discontinue use of the product if mitigations are unavailable.",WatchGuard Firebox Out-of-Bounds Write Vulnerability,"An Out-of-bounds Write vulnerability in WatchGuard Fireware OS may allow a remote unauthenticated attacker to execute arbitrary code. This vulnerability affects both the Mobile User VPN with IKEv2 and the Branch Office VPN using IKEv2 when configured with a dynamic gateway peer.This vulnerability affects Fireware OS 11.10.2 up to and including 11.12.4_Update1, 12.0 up to and including 12.11.3 and 2025.1.","['cpe:2.3:o:watchguard:fireware:*:*:*:*:*:*:*:*', 'cpe:2.3:o:watchguard:fireware:*:*:*:*:*:*:*:*', 'cpe:2.3:o:watchguard:fireware:2025.1:*:*:*:*:*:*:*']",3,['CWE-787'],3.1,CVSS:3.1/AV:N/AC:L/PR:N/UI:N/S:U/C:H/I:H/A:H,9.8,CRITICAL,NETWORK,LOW,NONE,NONE,UNCHANGED,HIGH,HIGH,HIGH,CVE-2025-9242,0.00274,0.50799
2967,CVE-2025-48703,cve@mitre.org,2025-09-19 18:15:36.620,2025-11-05 14:07:33.610,Analyzed,"[{'url': 'https://fenrisk.com/rce-centos-webpanel', 'source': 'cve@mitre.org', 'tags': ['Exploit', 'Third Party Advisory']}, {'url': 'https://control-webpanel.com/changelog', 'source': '134c704f-9b21-4f2e-91b3-4a467353bcc0', 'tags': ['Release Notes']}, {'url': 'https://www.cisa.gov/known-exploited-vulnerabilities-catalog?field_cve=CVE-2025-48703', 'source': '134c704f-9b21-4f2e-91b3-4a467353bcc0', 'tags': ['US Government Resource']}]",2025-11-04,2025-11-25,"Apply mitigations per vendor instructions, follow applicable BOD 22-01 guidance for cloud services, or discontinue use of the product if mitigations are unavailable.",CWP Control Web Panel OS Command Injection Vulnerability,CWP (aka Control Web Panel or CentOS Web Panel) before 0.9.8.1205 allows unauthenticated remote code execution via shell metacharacters in the t_total parameter in a filemanager changePerm request. A valid non-root username must be known.,['cpe:2.3:a:control-webpanel:webpanel:*:*:*:*:*:*:*:*'],3,['CWE-78'],3.1,CVSS:3.1/AV:N/AC:H/PR:N/UI:N/S:C/C:H/I:H/A:H,9.0,CRITICAL,NETWORK,HIGH,NONE,NONE,CHANGED,HIGH,HIGH,HIGH,CVE-2025-48703,0.00158,0.37493
3664,CVE-2025-20352,psirt@cisco.com,2025-09-24 18:15:36.930,2025-10-28 13:58:42.437,Analyzed,"[{'url': 'https://sec.cloudapps.cisco.com/security/center/content/CiscoSecurityAdvisory/cisco-sa-snmp-x4LPhte', 'source': 'psirt@cisco.com', 'tags': ['Mitigation', 'Vendor Advisory']}, {'url': 'https://www.cisa.gov/known-exploited-vulnerabilities-catalog?field_cve=CVE-2025-20352', 'source': '134c704f-9b21-4f2e-91b3-4a467353bcc0', 'tags': ['US Government Resource']}]",2025-09-29,2025-10-20,"Apply mitigations per vendor instructions, follow applicable BOD 22-01 guidance for cloud services, or discontinue use of the product if mitigations are unavailable.",Cisco IOS and IOS XE Software SNMP Denial of Service and Remote Code Execution Vulnerability,"A vulnerability in the Simple Network Management Protocol (SNMP) subsystem of Cisco IOS Software and Cisco IOS XE Software could allow the following:
  An authenticated, remote attacker with low privileges could cause a denial of service (DoS) condition on an affected device that is running Cisco IOS Software or Cisco IOS XE Software. To cause the DoS, the attacker must have the SNMPv2c or earlier read-only community string or valid SNMPv3 user credentials.  An authenticated, remote attacker with high privileges could execute code as the root user on an affected device that is running Cisco IOS XE Software. To execute code as the root user, the attacker must have the SNMPv1 or v2c read-only community string or valid SNMPv3 user credentials and administrative or privilege 15 credentials on the affected device.   An attacker could exploit this vulnerability by sending a crafted SNMP packet to an affected device over IPv4 or IPv6 networks. 
 This vulnerability is due to a stack overflow condition in the SNMP subsystem of the affected software. A successful exploit could allow a low-privileged attacker to cause the affected system to reload, resulting in a DoS condition, or allow a high-privileged attacker to execute arbitrary code as the root user and obtain full control of the affected system.
 Note: This vulnerability affects all versions of SNMP.","['cpe:2.3:o:cisco:ios_xe_sd-wan:16.9.1:*:*:*:*:*:*:*', 'cpe:2.3:o:cisco:ios_xe_sd-wan:16.9.2:*:*:*:*:*:*:*', 'cpe:2.3:o:cisco:ios_xe_sd-wan:16.9.3:*:*:*:*:*:*:*', 'cpe:2.3:o:cisco:ios_xe_sd-wan:16.9.4:*:*:*:*:*:*:*', 'cpe:2.3:o:cisco:ios_xe_sd-wan:16.10.1:*:*:*:*:*:*:*', 'cpe:2.3:o:cisco:ios_xe_sd-wan:16.10.2:*:*:*:*:*:*:*', 'cpe:2.3:o:cisco:ios_xe_sd-wan:16.10.3:*:*:*:*:*:*:*', 'cpe:2.3:o:cisco:ios_xe_sd-wan:16.10.3a:*:*:*:*:*:*:*', 'cpe:2.3:o:cisco:ios_xe_sd-wan:16.10.3b:*:*:*:*:*:*:*', 'cpe:2.3:o:cisco:ios_xe_sd-wan:16.10.4:*:*:*:*:*:*:*', 'cpe:2.3:o:cisco:ios_xe_sd-wan:16.10.5:*:*:*:*:*:*:*', 'cpe:2.3:o:cisco:ios_xe_sd-wan:16.10.6:*:*:*:*:*:*:*', 'cpe:2.3:o:cisco:ios_xe_sd-wan:16.11.1a:*:*:*:*:*:*:*', 'cpe:2.3:o:cisco:ios_xe_sd-wan:16.12.1b:*:*:*:*:*:*:*', 'cpe:2.3:o:cisco:ios_xe_sd-wan:16.12.1d:*:*:*:*:*:*:*', 'cpe:2.3:o:cisco:ios_xe_sd-wan:16.12.1e:*:*:*:*:*:*:*', 'cpe:2.3:o:cisco:ios_xe_sd-wan:16.12.2r:*:*:*:*:*:*:*', 'cpe:2.3:o:cisco:ios_xe_sd-wan:16.12.3:*:*:*:*:*:*:*', 'cpe:2.3:o:cisco:ios_xe_sd-wan:16.12.4:*:*:*:*:*:*:*', 'cpe:2.3:o:cisco:ios_xe_sd-wan:16.12.4a:*:*:*:*:*:*:*', 'cpe:2.3:o:cisco:ios_xe_sd-wan:16.12.5:*:*:*:*:*:*:*', 'cpe:2.3:o:cisco:ios_xe:3.5.0e:*:*:*:*:*:*:*', 'cpe:2.3:o:cisco:ios_xe:3.5.0sq:*:*:*:*:*:*:*', 'cpe:2.3:o:cisco:ios_xe:3.5.1e:*:*:*:*:*:*:*', 'cpe:2.3:o:cisco:ios_xe:3.5.1sq:*:*:*:*:*:*:*', 'cpe:2.3:o:cisco:ios_xe:3.5.2e:*:*:*:*:*:*:*', 'cpe:2.3:o:cisco:ios_xe:3.5.2sq:*:*:*:*:*:*:*', 'cpe:2.3:o:cisco:ios_xe:3.5.3e:*:*:*:*:*:*:*', 'cpe:2.3:o:cisco:ios_xe:3.5.3sq:*:*:*:*:*:*:*', 'cpe:2.3:o:cisco:ios_xe:3.5.4sq:*:*:*:*:*:*:*', 'cpe:2.3:o:cisco:ios_xe:3.5.5sq:*:*:*:*:*:*:*', 'cpe:2.3:o:cisco:ios_xe:3.5.6sq:*:*:*:*:*:*:*', 'cpe:2.3:o:cisco:ios_xe:3.5.7sq:*:*:*:*:*:*:*', 'cpe:2.3:o:cisco:ios_xe:3.5.8sq:*:*:*:*:*:*:*', 'cpe:2.3:o:cisco:ios_xe:3.6.0e:*:*:*:*:*:*:*', 'cpe:2.3:o:cisco:ios_xe:3.6.1e:*:*:*:*:*:*:*', 'cpe:2.3:o:cisco:ios_xe:3.6.2ae:*:*:*:*:*:*:*', 'cpe:2.3:o:cisco:ios_xe:3.6.2e:*:*:*:*:*:*:*', 'cpe:2.3:o:cisco:ios_xe:3.6.3e:*:*:*:*:*:*:*', 'cpe:2.3:o:cisco:ios_xe:3.6.4e:*:*:*:*:*:*:*', 'cpe:2.3:o:cisco:ios_xe:3.6.5ae:*:*:*:*:*:*:*', 'cpe:2.3:o:cisco:ios_xe:3.6.5e:*:*:*:*:*:*:*', 'cpe:2.3:o:cisco:ios_xe:3.6.6e:*:*:*:*:*:*:*', 'cpe:2.3:o:cisco:ios_xe:3.6.7be:*:*:*:*:*:*:*', 'cpe:2.3:o:cisco:ios_xe:3.6.7e:*:*:*:*:*:*:*', 'cpe:2.3:o:cisco:ios_xe:3.6.8e:*:*:*:*:*:*:*', 'cpe:2.3:o:cisco:ios_xe:3.6.9e:*:*:*:*:*:*:*', 'cpe:2.3:o:cisco:ios_xe:3.6.10e:*:*:*:*:*:*:*', 'cpe:2.3:o:cisco:ios_xe:3.7.0e:*:*:*:*:*:*:*', 'cpe:2.3:o:cisco:ios_xe:3.7.1e:*:*:*:*:*:*:*', 'cpe:2.3:o:cisco:ios_xe:3.7.2e:*:*:*:*:*:*:*', 'cpe:2.3:o:cisco:ios_xe:3.7.3e:*:*:*:*:*:*:*', 'cpe:2.3:o:cisco:ios_xe:3.7.4e:*:*:*:*:*:*:*', 'cpe:2.3:o:cisco:ios_xe:3.7.5e:*:*:*:*:*:*:*', 'cpe:2.3:o:cisco:ios_xe:3.8.0e:*:*:*:*:*:*:*', 'cpe:2.3:o:cisco:ios_xe:3.8.1e:*:*:*:*:*:*:*', 'cpe:2.3:o:cisco:ios_xe:3.8.2e:*:*:*:*:*:*:*', 'cpe:2.3:o:cisco:ios_xe:3.8.3e:*:*:*:*:*:*:*', 'cpe:2.3:o:cisco:ios_xe:3.8.4e:*:*:*:*:*:*:*', 'cpe:2.3:o:cisco:ios_xe:3.8.5ae:*:*:*:*:*:*:*', 'cpe:2.3:o:cisco:ios_xe:3.8.5e:*:*:*:*:*:*:*', 'cpe:2.3:o:cisco:ios_xe:3.8.6e:*:*:*:*:*:*:*', 'cpe:2.3:o:cisco:ios_xe:3.8.7e:*:*:*:*:*:*:*', 'cpe:2.3:o:cisco:ios_xe:3.8.8e:*:*:*:*:*:*:*', 'cpe:2.3:o:cisco:ios_xe:3.8.9e:*:*:*:*:*:*:*', 'cpe:2.3:o:cisco:ios_xe:3.8.10e:*:*:*:*:*:*:*', 'cpe:2.3:o:cisco:ios_xe:3.9.0e:*:*:*:*:*:*:*', 'cpe:2.3:o:cisco:ios_xe:3.9.1e:*:*:*:*:*:*:*', 'cpe:2.3:o:cisco:ios_xe:3.9.2e:*:*:*:*:*:*:*', 'cpe:2.3:o:cisco:ios_xe:3.10.0ce:*:*:*:*:*:*:*', 'cpe:2.3:o:cisco:ios_xe:3.10.0e:*:*:*:*:*:*:*', 'cpe:2.3:o:cisco:ios_xe:3.10.1e:*:*:*:*:*:*:*', 'cpe:2.3:o:cisco:ios_xe:3.10.2e:*:*:*:*:*:*:*', 'cpe:2.3:o:cisco:ios_xe:3.10.3e:*:*:*:*:*:*:*', 'cpe:2.3:o:cisco:ios_xe:3.11.0e:*:*:*:*:*:*:*', 'cpe:2.3:o:cisco:ios_xe:3.11.1ae:*:*:*:*:*:*:*', 'cpe:2.3:o:cisco:ios_xe:3.11.1e:*:*:*:*:*:*:*', 'cpe:2.3:o:cisco:ios_xe:3.11.2e:*:*:*:*:*:*:*', 'cpe:2.3:o:cisco:ios_xe:3.11.3ae:*:*:*:*:*:*:*', 'cpe:2.3:o:cisco:ios_xe:3.11.3e:*:*:*:*:*:*:*', 'cpe:2.3:o:cisco:ios_xe:3.11.4e:*:*:*:*:*:*:*', 'cpe:2.3:o:cisco:ios_xe:3.11.5e:*:*:*:*:*:*:*', 'cpe:2.3:o:cisco:ios_xe:3.11.6e:*:*:*:*:*:*:*', 'cpe:2.3:o:cisco:ios_xe:3.11.7e:*:*:*:*:*:*:*', 'cpe:2.3:o:cisco:ios_xe:3.11.8e:*:*:*:*:*:*:*', 'cpe:2.3:o:cisco:ios_xe:3.11.9e:*:*:*:*:*:*:*', 'cpe:2.3:o:cisco:ios_xe:3.11.10e:*:*:*:*:*:*:*', 'cpe:2.3:o:cisco:ios_xe:3.11.11e:*:*:*:*:*:*:*', 'cpe:2.3:o:cisco:ios_xe:3.11.12e:*:*:*:*:*:*:*', 'cpe:2.3:o:cisco:ios_xe:3.14.0s:*:*:*:*:*:*:*', 'cpe:2.3:o:cisco:ios_xe:3.14.1s:*:*:*:*:*:*:*', 'cpe:2.3:o:cisco:ios_xe:3.14.2s:*:*:*:*:*:*:*', 'cpe:2.3:o:cisco:ios_xe:3.14.3s:*:*:*:*:*:*:*', 'cpe:2.3:o:cisco:ios_xe:3.14.4s:*:*:*:*:*:*:*', 'cpe:2.3:o:cisco:ios_xe:3.15.0s:*:*:*:*:*:*:*', 'cpe:2.3:o:cisco:ios_xe:3.15.1cs:*:*:*:*:*:*:*', 'cpe:2.3:o:cisco:ios_xe:3.15.1s:*:*:*:*:*:*:*', 'cpe:2.3:o:cisco:ios_xe:3.15.2s:*:*:*:*:*:*:*', 'cpe:2.3:o:cisco:ios_xe:3.15.3s:*:*:*:*:*:*:*', 'cpe:2.3:o:cisco:ios_xe:3.15.4s:*:*:*:*:*:*:*', 'cpe:2.3:o:cisco:ios_xe:3.16.0cs:*:*:*:*:*:*:*', 'cpe:2.3:o:cisco:ios_xe:3.16.0s:*:*:*:*:*:*:*', 'cpe:2.3:o:cisco:ios_xe:3.16.1as:*:*:*:*:*:*:*', 'cpe:2.3:o:cisco:ios_xe:3.16.1s:*:*:*:*:*:*:*', 'cpe:2.3:o:cisco:ios_xe:3.16.2as:*:*:*:*:*:*:*', 'cpe:2.3:o:cisco:ios_xe:3.16.2bs:*:*:*:*:*:*:*', 'cpe:2.3:o:cisco:ios_xe:3.16.2s:*:*:*:*:*:*:*', 'cpe:2.3:o:cisco:ios_xe:3.16.3as:*:*:*:*:*:*:*', 'cpe:2.3:o:cisco:ios_xe:3.16.3s:*:*:*:*:*:*:*', 'cpe:2.3:o:cisco:ios_xe:3.16.4as:*:*:*:*:*:*:*', 'cpe:2.3:o:cisco:ios_xe:3.16.4bs:*:*:*:*:*:*:*', 'cpe:2.3:o:cisco:ios_xe:3.16.4ds:*:*:*:*:*:*:*', 'cpe:2.3:o:cisco:ios_xe:3.16.4s:*:*:*:*:*:*:*', 'cpe:2.3:o:cisco:ios_xe:3.16.5s:*:*:*:*:*:*:*', 'cpe:2.3:o:cisco:ios_xe:3.16.6bs:*:*:*:*:*:*:*', 'cpe:2.3:o:cisco:ios_xe:3.16.6s:*:*:*:*:*:*:*', 'cpe:2.3:o:cisco:ios_xe:3.16.7as:*:*:*:*:*:*:*', 'cpe:2.3:o:cisco:ios_xe:3.16.7bs:*:*:*:*:*:*:*', 'cpe:2.3:o:cisco:ios_xe:3.16.7s:*:*:*:*:*:*:*', 'cpe:2.3:o:cisco:ios_xe:3.16.8s:*:*:*:*:*:*:*', 'cpe:2.3:o:cisco:ios_xe:3.16.9s:*:*:*:*:*:*:*', 'cpe:2.3:o:cisco:ios_xe:3.16.10s:*:*:*:*:*:*:*', 'cpe:2.3:o:cisco:ios_xe:3.17.0s:*:*:*:*:*:*:*', 'cpe:2.3:o:cisco:ios_xe:3.17.1as:*:*:*:*:*:*:*', 'cpe:2.3:o:cisco:ios_xe:3.17.1s:*:*:*:*:*:*:*', 'cpe:2.3:o:cisco:ios_xe:3.17.2s:*:*:*:*:*:*:*', 'cpe:2.3:o:cisco:ios_xe:3.17.3s:*:*:*:*:*:*:*', 'cpe:2.3:o:cisco:ios_xe:3.17.4s:*:*:*:*:*:*:*', 'cpe:2.3:o:cisco:ios_xe:3.18.0as:*:*:*:*:*:*:*', 'cpe:2.3:o:cisco:ios_xe:3.18.0s:*:*:*:*:*:*:*', 'cpe:2.3:o:cisco:ios_xe:3.18.0sp:*:*:*:*:*:*:*', 'cpe:2.3:o:cisco:ios_xe:3.18.1asp:*:*:*:*:*:*:*', 'cpe:2.3:o:cisco:ios_xe:3.18.1bsp:*:*:*:*:*:*:*', 'cpe:2.3:o:cisco:ios_xe:3.18.1csp:*:*:*:*:*:*:*', 'cpe:2.3:o:cisco:ios_xe:3.18.1s:*:*:*:*:*:*:*', 'cpe:2.3:o:cisco:ios_xe:3.18.1sp:*:*:*:*:*:*:*', 'cpe:2.3:o:cisco:ios_xe:3.18.2asp:*:*:*:*:*:*:*', 'cpe:2.3:o:cisco:ios_xe:3.18.2s:*:*:*:*:*:*:*', 'cpe:2.3:o:cisco:ios_xe:3.18.2sp:*:*:*:*:*:*:*', 'cpe:2.3:o:cisco:ios_xe:3.18.3asp:*:*:*:*:*:*:*', 'cpe:2.3:o:cisco:ios_xe:3.18.3bsp:*:*:*:*:*:*:*', 'cpe:2.3:o:cisco:ios_xe:3.18.3s:*:*:*:*:*:*:*', 'cpe:2.3:o:cisco:ios_xe:3.18.3sp:*:*:*:*:*:*:*', 'cpe:2.3:o:cisco:ios_xe:3.18.4s:*:*:*:*:*:*:*', 'cpe:2.3:o:cisco:ios_xe:3.18.4sp:*:*:*:*:*:*:*', 'cpe:2.3:o:cisco:ios_xe:3.18.5sp:*:*:*:*:*:*:*', 'cpe:2.3:o:cisco:ios_xe:3.18.6sp:*:*:*:*:*:*:*', 'cpe:2.3:o:cisco:ios_xe:3.18.7sp:*:*:*:*:*:*:*', 'cpe:2.3:o:cisco:ios_xe:3.18.8asp:*:*:*:*:*:*:*', 'cpe:2.3:o:cisco:ios_xe:3.18.9sp:*:*:*:*:*:*:*', 'cpe:2.3:o:cisco:ios_xe:16.6.1:*:*:*:*:*:*:*', 'cpe:2.3:o:cisco:ios_xe:16.6.2:*:*:*:*:*:*:*', 'cpe:2.3:o:cisco:ios_xe:16.6.3:*:*:*:*:*:*:*', 'cpe:2.3:o:cisco:ios_xe:16.6.4:*:*:*:*:*:*:*', 'cpe:2.3:o:cisco:ios_xe:16.6.4a:*:*:*:*:*:*:*', 'cpe:2.3:o:cisco:ios_xe:16.6.5:*:*:*:*:*:*:*', 'cpe:2.3:o:cisco:ios_xe:16.6.5a:*:*:*:*:*:*:*', 'cpe:2.3:o:cisco:ios_xe:16.6.6:*:*:*:*:*:*:*', 'cpe:2.3:o:cisco:ios_xe:16.6.7:*:*:*:*:*:*:*', 'cpe:2.3:o:cisco:ios_xe:16.6.8:*:*:*:*:*:*:*', 'cpe:2.3:o:cisco:ios_xe:16.6.9:*:*:*:*:*:*:*', 'cpe:2.3:o:cisco:ios_xe:16.6.10:*:*:*:*:*:*:*', 'cpe:2.3:o:cisco:ios_xe:16.7.1:*:*:*:*:*:*:*', 'cpe:2.3:o:cisco:ios_xe:16.7.1a:*:*:*:*:*:*:*', 'cpe:2.3:o:cisco:ios_xe:16.7.1b:*:*:*:*:*:*:*', 'cpe:2.3:o:cisco:ios_xe:16.7.2:*:*:*:*:*:*:*', 'cpe:2.3:o:cisco:ios_xe:16.7.3:*:*:*:*:*:*:*', 'cpe:2.3:o:cisco:ios_xe:16.7.4:*:*:*:*:*:*:*', 'cpe:2.3:o:cisco:ios_xe:16.8.1:*:*:*:*:*:*:*', 'cpe:2.3:o:cisco:ios_xe:16.8.1a:*:*:*:*:*:*:*', 'cpe:2.3:o:cisco:ios_xe:16.8.1b:*:*:*:*:*:*:*', 'cpe:2.3:o:cisco:ios_xe:16.8.1c:*:*:*:*:*:*:*', 'cpe:2.3:o:cisco:ios_xe:16.8.1d:*:*:*:*:*:*:*', 'cpe:2.3:o:cisco:ios_xe:16.8.1e:*:*:*:*:*:*:*', 'cpe:2.3:o:cisco:ios_xe:16.8.1s:*:*:*:*:*:*:*', 'cpe:2.3:o:cisco:ios_xe:16.8.2:*:*:*:*:*:*:*', 'cpe:2.3:o:cisco:ios_xe:16.8.3:*:*:*:*:*:*:*', 'cpe:2.3:o:cisco:ios_xe:16.9.1:*:*:*:*:*:*:*', 'cpe:2.3:o:cisco:ios_xe:16.9.1a:*:*:*:*:*:*:*', 'cpe:2.3:o:cisco:ios_xe:16.9.1b:*:*:*:*:*:*:*', 'cpe:2.3:o:cisco:ios_xe:16.9.1s:*:*:*:*:*:*:*', 'cpe:2.3:o:cisco:ios_xe:16.9.2:*:*:*:*:*:*:*', 'cpe:2.3:o:cisco:ios_xe:16.9.3:*:*:*:*:*:*:*', 'cpe:2.3:o:cisco:ios_xe:16.9.3a:*:*:*:*:*:*:*', 'cpe:2.3:o:cisco:ios_xe:16.9.4:*:*:*:*:*:*:*', 'cpe:2.3:o:cisco:ios_xe:16.9.5:*:*:*:*:*:*:*', 'cpe:2.3:o:cisco:ios_xe:16.9.5f:*:*:*:*:*:*:*', 'cpe:2.3:o:cisco:ios_xe:16.9.6:*:*:*:*:*:*:*', 'cpe:2.3:o:cisco:ios_xe:16.9.7:*:*:*:*:*:*:*', 'cpe:2.3:o:cisco:ios_xe:16.9.8:*:*:*:*:*:*:*', 'cpe:2.3:o:cisco:ios_xe:16.10.1:*:*:*:*:*:*:*', 'cpe:2.3:o:cisco:ios_xe:16.10.1a:*:*:*:*:*:*:*', 'cpe:2.3:o:cisco:ios_xe:16.10.1b:*:*:*:*:*:*:*', 'cpe:2.3:o:cisco:ios_xe:16.10.1c:*:*:*:*:*:*:*', 'cpe:2.3:o:cisco:ios_xe:16.10.1d:*:*:*:*:*:*:*', 'cpe:2.3:o:cisco:ios_xe:16.10.1e:*:*:*:*:*:*:*', 'cpe:2.3:o:cisco:ios_xe:16.10.1f:*:*:*:*:*:*:*', 'cpe:2.3:o:cisco:ios_xe:16.10.1g:*:*:*:*:*:*:*', 'cpe:2.3:o:cisco:ios_xe:16.10.1s:*:*:*:*:*:*:*', 'cpe:2.3:o:cisco:ios_xe:16.10.2:*:*:*:*:*:*:*', 'cpe:2.3:o:cisco:ios_xe:16.10.3:*:*:*:*:*:*:*', 'cpe:2.3:o:cisco:ios_xe:16.11.1:*:*:*:*:*:*:*', 'cpe:2.3:o:cisco:ios_xe:16.11.1a:*:*:*:*:*:*:*', 'cpe:2.3:o:cisco:ios_xe:16.11.1b:*:*:*:*:*:*:*', 'cpe:2.3:o:cisco:ios_xe:16.11.1s:*:*:*:*:*:*:*', 'cpe:2.3:o:cisco:ios_xe:16.11.2:*:*:*:*:*:*:*', 'cpe:2.3:o:cisco:ios_xe:16.12.1:*:*:*:*:*:*:*', 'cpe:2.3:o:cisco:ios_xe:16.12.1a:*:*:*:*:*:*:*', 'cpe:2.3:o:cisco:ios_xe:16.12.1c:*:*:*:*:*:*:*', 'cpe:2.3:o:cisco:ios_xe:16.12.1s:*:*:*:*:*:*:*', 'cpe:2.3:o:cisco:ios_xe:16.12.1t:*:*:*:*:*:*:*', 'cpe:2.3:o:cisco:ios_xe:16.12.1w:*:*:*:*:*:*:*', 'cpe:2.3:o:cisco:ios_xe:16.12.1x:*:*:*:*:*:*:*', 'cpe:2.3:o:cisco:ios_xe:16.12.1y:*:*:*:*:*:*:*', 'cpe:2.3:o:cisco:ios_xe:16.12.1z1:*:*:*:*:*:*:*', 'cpe:2.3:o:cisco:ios_xe:16.12.1z2:*:*:*:*:*:*:*', 'cpe:2.3:o:cisco:ios_xe:16.12.2:*:*:*:*:*:*:*', 'cpe:2.3:o:cisco:ios_xe:16.12.2a:*:*:*:*:*:*:*', 'cpe:2.3:o:cisco:ios_xe:16.12.2s:*:*:*:*:*:*:*', 'cpe:2.3:o:cisco:ios_xe:16.12.3:*:*:*:*:*:*:*', 'cpe:2.3:o:cisco:ios_xe:16.12.3a:*:*:*:*:*:*:*', 'cpe:2.3:o:cisco:ios_xe:16.12.3s:*:*:*:*:*:*:*', 'cpe:2.3:o:cisco:ios_xe:16.12.4:*:*:*:*:*:*:*', 'cpe:2.3:o:cisco:ios_xe:16.12.4a:*:*:*:*:*:*:*', 'cpe:2.3:o:cisco:ios_xe:16.12.5:*:*:*:*:*:*:*', 'cpe:2.3:o:cisco:ios_xe:16.12.5a:*:*:*:*:*:*:*', 'cpe:2.3:o:cisco:ios_xe:16.12.5b:*:*:*:*:*:*:*', 'cpe:2.3:o:cisco:ios_xe:16.12.6:*:*:*:*:*:*:*', 'cpe:2.3:o:cisco:ios_xe:16.12.6a:*:*:*:*:*:*:*', 'cpe:2.3:o:cisco:ios_xe:16.12.7:*:*:*:*:*:*:*', 'cpe:2.3:o:cisco:ios_xe:16.12.8:*:*:*:*:*:*:*', 'cpe:2.3:o:cisco:ios_xe:16.12.9:*:*:*:*:*:*:*', 'cpe:2.3:o:cisco:ios_xe:16.12.10:*:*:*:*:*:*:*', 'cpe:2.3:o:cisco:ios_xe:16.12.10a:*:*:*:*:*:*:*', 'cpe:2.3:o:cisco:ios_xe:16.12.11:*:*:*:*:*:*:*', 'cpe:2.3:o:cisco:ios_xe:16.12.12:*:*:*:*:*:*:*', 'cpe:2.3:o:cisco:ios_xe:16.12.13:*:*:*:*:*:*:*', 'cpe:2.3:o:cisco:ios_xe:17.1.1:*:*:*:*:*:*:*', 'cpe:2.3:o:cisco:ios_xe:17.1.1a:*:*:*:*:*:*:*', 'cpe:2.3:o:cisco:ios_xe:17.1.1s:*:*:*:*:*:*:*', 'cpe:2.3:o:cisco:ios_xe:17.1.1t:*:*:*:*:*:*:*', 'cpe:2.3:o:cisco:ios_xe:17.1.3:*:*:*:*:*:*:*', 'cpe:2.3:o:cisco:ios_xe:17.2.1:*:*:*:*:*:*:*', 'cpe:2.3:o:cisco:ios_xe:17.2.1a:*:*:*:*:*:*:*', 'cpe:2.3:o:cisco:ios_xe:17.2.1r:*:*:*:*:*:*:*', 'cpe:2.3:o:cisco:ios_xe:17.2.1v:*:*:*:*:*:*:*', 'cpe:2.3:o:cisco:ios_xe:17.2.2:*:*:*:*:*:*:*', 'cpe:2.3:o:cisco:ios_xe:17.2.3:*:*:*:*:*:*:*', 'cpe:2.3:o:cisco:ios_xe:17.3.1:*:*:*:*:*:*:*', 'cpe:2.3:o:cisco:ios_xe:17.3.1a:*:*:*:*:*:*:*', 'cpe:2.3:o:cisco:ios_xe:17.3.1w:*:*:*:*:*:*:*', 'cpe:2.3:o:cisco:ios_xe:17.3.1x:*:*:*:*:*:*:*', 'cpe:2.3:o:cisco:ios_xe:17.3.1z:*:*:*:*:*:*:*', 'cpe:2.3:o:cisco:ios_xe:17.3.2:*:*:*:*:*:*:*', 'cpe:2.3:o:cisco:ios_xe:17.3.2a:*:*:*:*:*:*:*', 'cpe:2.3:o:cisco:ios_xe:17.3.3:*:*:*:*:*:*:*', 'cpe:2.3:o:cisco:ios_xe:17.3.4:*:*:*:*:*:*:*', 'cpe:2.3:o:cisco:ios_xe:17.3.4a:*:*:*:*:*:*:*', 'cpe:2.3:o:cisco:ios_xe:17.3.4b:*:*:*:*:*:*:*', 'cpe:2.3:o:cisco:ios_xe:17.3.4c:*:*:*:*:*:*:*', 'cpe:2.3:o:cisco:ios_xe:17.3.5:*:*:*:*:*:*:*', 'cpe:2.3:o:cisco:ios_xe:17.3.5a:*:*:*:*:*:*:*', 'cpe:2.3:o:cisco:ios_xe:17.3.5b:*:*:*:*:*:*:*', 'cpe:2.3:o:cisco:ios_xe:17.3.6:*:*:*:*:*:*:*', 'cpe:2.3:o:cisco:ios_xe:17.3.7:*:*:*:*:*:*:*', 'cpe:2.3:o:cisco:ios_xe:17.3.8:*:*:*:*:*:*:*', 'cpe:2.3:o:cisco:ios_xe:17.3.8a:*:*:*:*:*:*:*', 'cpe:2.3:o:cisco:ios_xe:17.4.1:*:*:*:*:*:*:*', 'cpe:2.3:o:cisco:ios_xe:17.4.1a:*:*:*:*:*:*:*', 'cpe:2.3:o:cisco:ios_xe:17.4.1b:*:*:*:*:*:*:*', 'cpe:2.3:o:cisco:ios_xe:17.4.2:*:*:*:*:*:*:*', 'cpe:2.3:o:cisco:ios_xe:17.4.2a:*:*:*:*:*:*:*', 'cpe:2.3:o:cisco:ios_xe:17.5.1:*:*:*:*:*:*:*', 'cpe:2.3:o:cisco:ios_xe:17.5.1a:*:*:*:*:*:*:*', 'cpe:2.3:o:cisco:ios_xe:17.6.1:*:*:*:*:*:*:*', 'cpe:2.3:o:cisco:ios_xe:17.6.1a:*:*:*:*:*:*:*', 'cpe:2.3:o:cisco:ios_xe:17.6.1w:*:*:*:*:*:*:*', 'cpe:2.3:o:cisco:ios_xe:17.6.1x:*:*:*:*:*:*:*', 'cpe:2.3:o:cisco:ios_xe:17.6.1y:*:*:*:*:*:*:*', 'cpe:2.3:o:cisco:ios_xe:17.6.1z:*:*:*:*:*:*:*', 'cpe:2.3:o:cisco:ios_xe:17.6.1z1:*:*:*:*:*:*:*', 'cpe:2.3:o:cisco:ios_xe:17.6.2:*:*:*:*:*:*:*', 'cpe:2.3:o:cisco:ios_xe:17.6.3:*:*:*:*:*:*:*', 'cpe:2.3:o:cisco:ios_xe:17.6.3a:*:*:*:*:*:*:*', 'cpe:2.3:o:cisco:ios_xe:17.6.4:*:*:*:*:*:*:*', 'cpe:2.3:o:cisco:ios_xe:17.6.5:*:*:*:*:*:*:*', 'cpe:2.3:o:cisco:ios_xe:17.6.5a:*:*:*:*:*:*:*', 'cpe:2.3:o:cisco:ios_xe:17.6.6:*:*:*:*:*:*:*', 'cpe:2.3:o:cisco:ios_xe:17.6.6a:*:*:*:*:*:*:*', 'cpe:2.3:o:cisco:ios_xe:17.6.7:*:*:*:*:*:*:*', 'cpe:2.3:o:cisco:ios_xe:17.6.8:*:*:*:*:*:*:*', 'cpe:2.3:o:cisco:ios_xe:17.6.8a:*:*:*:*:*:*:*', 'cpe:2.3:o:cisco:ios_xe:17.7.1:*:*:*:*:*:*:*', 'cpe:2.3:o:cisco:ios_xe:17.7.1a:*:*:*:*:*:*:*', 'cpe:2.3:o:cisco:ios_xe:17.7.1b:*:*:*:*:*:*:*', 'cpe:2.3:o:cisco:ios_xe:17.7.2:*:*:*:*:*:*:*', 'cpe:2.3:o:cisco:ios_xe:17.8.1:*:*:*:*:*:*:*', 'cpe:2.3:o:cisco:ios_xe:17.8.1a:*:*:*:*:*:*:*', 'cpe:2.3:o:cisco:ios_xe:17.9.1:*:*:*:*:*:*:*', 'cpe:2.3:o:cisco:ios_xe:17.9.1a:*:*:*:*:*:*:*', 'cpe:2.3:o:cisco:ios_xe:17.9.1w:*:*:*:*:*:*:*', 'cpe:2.3:o:cisco:ios_xe:17.9.1x:*:*:*:*:*:*:*', 'cpe:2.3:o:cisco:ios_xe:17.9.1x1:*:*:*:*:*:*:*', 'cpe:2.3:o:cisco:ios_xe:17.9.1y:*:*:*:*:*:*:*', 'cpe:2.3:o:cisco:ios_xe:17.9.1y1:*:*:*:*:*:*:*', 'cpe:2.3:o:cisco:ios_xe:17.9.2:*:*:*:*:*:*:*', 'cpe:2.3:o:cisco:ios_xe:17.9.2a:*:*:*:*:*:*:*', 'cpe:2.3:o:cisco:ios_xe:17.9.3:*:*:*:*:*:*:*', 'cpe:2.3:o:cisco:ios_xe:17.9.3a:*:*:*:*:*:*:*', 'cpe:2.3:o:cisco:ios_xe:17.9.4:*:*:*:*:*:*:*', 'cpe:2.3:o:cisco:ios_xe:17.9.4a:*:*:*:*:*:*:*', 'cpe:2.3:o:cisco:ios_xe:17.9.5:*:*:*:*:*:*:*', 'cpe:2.3:o:cisco:ios_xe:17.9.5a:*:*:*:*:*:*:*', 'cpe:2.3:o:cisco:ios_xe:17.9.5b:*:*:*:*:*:*:*', 'cpe:2.3:o:cisco:ios_xe:17.9.5e:*:*:*:*:*:*:*', 'cpe:2.3:o:cisco:ios_xe:17.9.5f:*:*:*:*:*:*:*', 'cpe:2.3:o:cisco:ios_xe:17.9.6:*:*:*:*:*:*:*', 'cpe:2.3:o:cisco:ios_xe:17.9.6a:*:*:*:*:*:*:*', 'cpe:2.3:o:cisco:ios_xe:17.9.7:*:*:*:*:*:*:*', 'cpe:2.3:o:cisco:ios_xe:17.9.7a:*:*:*:*:*:*:*', 'cpe:2.3:o:cisco:ios_xe:17.9.7b:*:*:*:*:*:*:*', 'cpe:2.3:o:cisco:ios_xe:17.10.1:*:*:*:*:*:*:*', 'cpe:2.3:o:cisco:ios_xe:17.10.1a:*:*:*:*:*:*:*', 'cpe:2.3:o:cisco:ios_xe:17.10.1b:*:*:*:*:*:*:*', 'cpe:2.3:o:cisco:ios_xe:17.11.1:*:*:*:*:*:*:*', 'cpe:2.3:o:cisco:ios_xe:17.11.1a:*:*:*:*:*:*:*', 'cpe:2.3:o:cisco:ios_xe:17.12.1:*:*:*:*:*:*:*', 'cpe:2.3:o:cisco:ios_xe:17.12.1a:*:*:*:*:*:*:*', 'cpe:2.3:o:cisco:ios_xe:17.12.1w:*:*:*:*:*:*:*', 'cpe:2.3:o:cisco:ios_xe:17.12.1x:*:*:*:*:*:*:*', 'cpe:2.3:o:cisco:ios_xe:17.12.1y:*:*:*:*:*:*:*', 'cpe:2.3:o:cisco:ios_xe:17.12.1z:*:*:*:*:*:*:*', 'cpe:2.3:o:cisco:ios_xe:17.12.1z1:*:*:*:*:*:*:*', 'cpe:2.3:o:cisco:ios_xe:17.12.1z2:*:*:*:*:*:*:*', 'cpe:2.3:o:cisco:ios_xe:17.12.1z3:*:*:*:*:*:*:*', 'cpe:2.3:o:cisco:ios_xe:17.12.1z4:*:*:*:*:*:*:*', 'cpe:2.3:o:cisco:ios_xe:17.12.2:*:*:*:*:*:*:*', 'cpe:2.3:o:cisco:ios_xe:17.12.2a:*:*:*:*:*:*:*', 'cpe:2.3:o:cisco:ios_xe:17.12.3:*:*:*:*:*:*:*', 'cpe:2.3:o:cisco:ios_xe:17.12.3a:*:*:*:*:*:*:*', 'cpe:2.3:o:cisco:ios_xe:17.12.4:*:*:*:*:*:*:*', 'cpe:2.3:o:cisco:ios_xe:17.12.4a:*:*:*:*:*:*:*', 'cpe:2.3:o:cisco:ios_xe:17.12.4b:*:*:*:*:*:*:*', 'cpe:2.3:o:cisco:ios_xe:17.12.5:*:*:*:*:*:*:*', 'cpe:2.3:o:cisco:ios_xe:17.12.5a:*:*:*:*:*:*:*', 'cpe:2.3:o:cisco:ios_xe:17.12.5b:*:*:*:*:*:*:*', 'cpe:2.3:o:cisco:ios_xe:17.12.5c:*:*:*:*:*:*:*', 'cpe:2.3:o:cisco:ios_xe:17.13.1:*:*:*:*:*:*:*', 'cpe:2.3:o:cisco:ios_xe:17.13.1a:*:*:*:*:*:*:*', 'cpe:2.3:o:cisco:ios_xe:17.14.1:*:*:*:*:*:*:*', 'cpe:2.3:o:cisco:ios_xe:17.14.1a:*:*:*:*:*:*:*', 'cpe:2.3:o:cisco:ios_xe:17.15.1:*:*:*:*:*:*:*', 'cpe:2.3:o:cisco:ios_xe:17.15.1a:*:*:*:*:*:*:*', 'cpe:2.3:o:cisco:ios_xe:17.15.1b:*:*:*:*:*:*:*', 'cpe:2.3:o:cisco:ios_xe:17.15.1w:*:*:*:*:*:*:*', 'cpe:2.3:o:cisco:ios_xe:17.15.1x:*:*:*:*:*:*:*', 'cpe:2.3:o:cisco:ios_xe:17.15.1y:*:*:*:*:*:*:*', 'cpe:2.3:o:cisco:ios_xe:17.15.1z:*:*:*:*:*:*:*', 'cpe:2.3:o:cisco:ios_xe:17.15.2:*:*:*:*:*:*:*', 'cpe:2.3:o:cisco:ios_xe:17.15.2a:*:*:*:*:*:*:*', 'cpe:2.3:o:cisco:ios_xe:17.15.2b:*:*:*:*:*:*:*', 'cpe:2.3:o:cisco:ios_xe:17.15.2c:*:*:*:*:*:*:*', 'cpe:2.3:o:cisco:ios_xe:17.15.3:*:*:*:*:*:*:*', 'cpe:2.3:o:cisco:ios_xe:17.15.3a:*:*:*:*:*:*:*', 'cpe:2.3:o:cisco:ios_xe:17.15.3b:*:*:*:*:*:*:*', 'cpe:2.3:o:cisco:ios_xe:17.15.4:*:*:*:*:*:*:*', 'cpe:2.3:o:cisco:ios_xe:17.16.1:*:*:*:*:*:*:*', 'cpe:2.3:o:cisco:ios_xe:17.16.1a:*:*:*:*:*:*:*', 'cpe:2.3:o:cisco:ios_xe:17.17.1:*:*:*:*:*:*:*', 'cpe:2.3:o:cisco:ios_xe:17.18.1:*:*:*:*:*:*:*', 'cpe:2.3:o:cisco:ios:12.2\\(33\\)sxi:*:*:*:*:*:*:*', 'cpe:2.3:o:cisco:ios:12.2\\(33\\)sxi1:*:*:*:*:*:*:*', 'cpe:2.3:o:cisco:ios:12.2\\(33\\)sxi2:*:*:*:*:*:*:*', 'cpe:2.3:o:cisco:ios:12.2\\(33\\)sxi2a:*:*:*:*:*:*:*', 'cpe:2.3:o:cisco:ios:12.2\\(33\\)sxi3:*:*:*:*:*:*:*', 'cpe:2.3:o:cisco:ios:12.2\\(33\\)sxi4:*:*:*:*:*:*:*', 'cpe:2.3:o:cisco:ios:12.2\\(33\\)sxi4a:*:*:*:*:*:*:*', 'cpe:2.3:o:cisco:ios:12.2\\(33\\)sxi5:*:*:*:*:*:*:*', 'cpe:2.3:o:cisco:ios:12.2\\(33\\)sxi6:*:*:*:*:*:*:*', 'cpe:2.3:o:cisco:ios:12.2\\(33\\)sxi7:*:*:*:*:*:*:*', 'cpe:2.3:o:cisco:ios:12.2\\(33\\)sxi8:*:*:*:*:*:*:*', 'cpe:2.3:o:cisco:ios:12.2\\(33\\)sxi8a:*:*:*:*:*:*:*', 'cpe:2.3:o:cisco:ios:12.2\\(33\\)sxi9:*:*:*:*:*:*:*', 'cpe:2.3:o:cisco:ios:12.2\\(33\\)sxi10:*:*:*:*:*:*:*', 'cpe:2.3:o:cisco:ios:12.2\\(33\\)sxi11:*:*:*:*:*:*:*', 'cpe:2.3:o:cisco:ios:12.2\\(33\\)sxi12:*:*:*:*:*:*:*', 'cpe:2.3:o:cisco:ios:12.2\\(33\\)sxi13:*:*:*:*:*:*:*', 'cpe:2.3:o:cisco:ios:12.2\\(33\\)sxi14:*:*:*:*:*:*:*', 'cpe:2.3:o:cisco:ios:12.2\\(33\\)sxj:*:*:*:*:*:*:*', 'cpe:2.3:o:cisco:ios:12.2\\(33\\)sxj1:*:*:*:*:*:*:*', 'cpe:2.3:o:cisco:ios:12.2\\(33\\)sxj2:*:*:*:*:*:*:*', 'cpe:2.3:o:cisco:ios:12.2\\(33\\)sxj3:*:*:*:*:*:*:*', 'cpe:2.3:o:cisco:ios:12.2\\(33\\)sxj4:*:*:*:*:*:*:*', 'cpe:2.3:o:cisco:ios:12.2\\(33\\)sxj5:*:*:*:*:*:*:*', 'cpe:2.3:o:cisco:ios:12.2\\(33\\)sxj6:*:*:*:*:*:*:*', 'cpe:2.3:o:cisco:ios:12.2\\(33\\)sxj7:*:*:*:*:*:*:*', 'cpe:2.3:o:cisco:ios:12.2\\(33\\)sxj8:*:*:*:*:*:*:*', 'cpe:2.3:o:cisco:ios:12.2\\(33\\)sxj9:*:*:*:*:*:*:*', 'cpe:2.3:o:cisco:ios:12.2\\(33\\)sxj10:*:*:*:*:*:*:*', 'cpe:2.3:o:cisco:ios:12.2\\(50\\)sq:*:*:*:*:*:*:*', 'cpe:2.3:o:cisco:ios:12.2\\(50\\)sq1:*:*:*:*:*:*:*', 'cpe:2.3:o:cisco:ios:12.2\\(50\\)sq2:*:*:*:*:*:*:*', 'cpe:2.3:o:cisco:ios:12.2\\(50\\)sq3:*:*:*:*:*:*:*', 'cpe:2.3:o:cisco:ios:12.2\\(50\\)sq4:*:*:*:*:*:*:*', 'cpe:2.3:o:cisco:ios:12.2\\(50\\)sq5:*:*:*:*:*:*:*', 'cpe:2.3:o:cisco:ios:12.2\\(50\\)sq6:*:*:*:*:*:*:*', 'cpe:2.3:o:cisco:ios:12.2\\(50\\)sq7:*:*:*:*:*:*:*', 'cpe:2.3:o:cisco:ios:12.2\\(53\\)ez:*:*:*:*:*:*:*', 'cpe:2.3:o:cisco:ios:12.2\\(55\\)ez:*:*:*:*:*:*:*', 'cpe:2.3:o:cisco:ios:12.2\\(55\\)se:*:*:*:*:*:*:*', 'cpe:2.3:o:cisco:ios:12.2\\(55\\)se1:*:*:*:*:*:*:*', 'cpe:2.3:o:cisco:ios:12.2\\(55\\)se2:*:*:*:*:*:*:*', 'cpe:2.3:o:cisco:ios:12.2\\(55\\)se3:*:*:*:*:*:*:*', 'cpe:2.3:o:cisco:ios:12.2\\(55\\)se4:*:*:*:*:*:*:*', 'cpe:2.3:o:cisco:ios:12.2\\(55\\)se5:*:*:*:*:*:*:*', 'cpe:2.3:o:cisco:ios:12.2\\(55\\)se6:*:*:*:*:*:*:*', 'cpe:2.3:o:cisco:ios:12.2\\(55\\)se7:*:*:*:*:*:*:*', 'cpe:2.3:o:cisco:ios:12.2\\(55\\)se8:*:*:*:*:*:*:*', 'cpe:2.3:o:cisco:ios:12.2\\(55\\)se9:*:*:*:*:*:*:*', 'cpe:2.3:o:cisco:ios:12.2\\(55\\)se10:*:*:*:*:*:*:*', 'cpe:2.3:o:cisco:ios:12.2\\(55\\)se11:*:*:*:*:*:*:*', 'cpe:2.3:o:cisco:ios:12.2\\(55\\)se12:*:*:*:*:*:*:*', 'cpe:2.3:o:cisco:ios:12.2\\(55\\)se13:*:*:*:*:*:*:*', 'cpe:2.3:o:cisco:ios:12.2\\(58\\)ez:*:*:*:*:*:*:*', 'cpe:2.3:o:cisco:ios:12.2\\(58\\)se:*:*:*:*:*:*:*', 'cpe:2.3:o:cisco:ios:12.2\\(58\\)se1:*:*:*:*:*:*:*', 'cpe:2.3:o:cisco:ios:12.2\\(58\\)se2:*:*:*:*:*:*:*', 'cpe:2.3:o:cisco:ios:12.2\\(60\\)ez:*:*:*:*:*:*:*', 'cpe:2.3:o:cisco:ios:12.2\\(60\\)ez1:*:*:*:*:*:*:*', 'cpe:2.3:o:cisco:ios:12.2\\(60\\)ez2:*:*:*:*:*:*:*', 'cpe:2.3:o:cisco:ios:12.2\\(60\\)ez3:*:*:*:*:*:*:*', 'cpe:2.3:o:cisco:ios:12.2\\(60\\)ez4:*:*:*:*:*:*:*', 'cpe:2.3:o:cisco:ios:12.2\\(60\\)ez5:*:*:*:*:*:*:*', 'cpe:2.3:o:cisco:ios:12.2\\(60\\)ez6:*:*:*:*:*:*:*', 'cpe:2.3:o:cisco:ios:12.2\\(60\\)ez7:*:*:*:*:*:*:*', 'cpe:2.3:o:cisco:ios:12.2\\(60\\)ez8:*:*:*:*:*:*:*', 'cpe:2.3:o:cisco:ios:12.2\\(60\\)ez9:*:*:*:*:*:*:*', 'cpe:2.3:o:cisco:ios:12.2\\(60\\)ez10:*:*:*:*:*:*:*', 'cpe:2.3:o:cisco:ios:12.2\\(60\\)ez11:*:*:*:*:*:*:*', 'cpe:2.3:o:cisco:ios:12.2\\(60\\)ez12:*:*:*:*:*:*:*', 'cpe:2.3:o:cisco:ios:12.2\\(60\\)ez13:*:*:*:*:*:*:*', 'cpe:2.3:o:cisco:ios:12.2\\(60\\)ez14:*:*:*:*:*:*:*', 'cpe:2.3:o:cisco:ios:12.2\\(60\\)ez15:*:*:*:*:*:*:*', 'cpe:2.3:o:cisco:ios:15.0\\(1\\)ey:*:*:*:*:*:*:*', 'cpe:2.3:o:cisco:ios:15.0\\(1\\)ey1:*:*:*:*:*:*:*', 'cpe:2.3:o:cisco:ios:15.0\\(1\\)ey2:*:*:*:*:*:*:*', 'cpe:2.3:o:cisco:ios:15.0\\(1\\)se:*:*:*:*:*:*:*', 'cpe:2.3:o:cisco:ios:15.0\\(1\\)se1:*:*:*:*:*:*:*', 'cpe:2.3:o:cisco:ios:15.0\\(1\\)se2:*:*:*:*:*:*:*', 'cpe:2.3:o:cisco:ios:15.0\\(1\\)se3:*:*:*:*:*:*:*', 'cpe:2.3:o:cisco:ios:15.0\\(1\\)sy:*:*:*:*:*:*:*', 'cpe:2.3:o:cisco:ios:15.0\\(1\\)sy1:*:*:*:*:*:*:*', 'cpe:2.3:o:cisco:ios:15.0\\(1\\)sy2:*:*:*:*:*:*:*', 'cpe:2.3:o:cisco:ios:15.0\\(1\\)sy3:*:*:*:*:*:*:*', 'cpe:2.3:o:cisco:ios:15.0\\(1\\)sy4:*:*:*:*:*:*:*', 'cpe:2.3:o:cisco:ios:15.0\\(1\\)sy5:*:*:*:*:*:*:*', 'cpe:2.3:o:cisco:ios:15.0\\(1\\)sy6:*:*:*:*:*:*:*', 'cpe:2.3:o:cisco:ios:15.0\\(1\\)sy7:*:*:*:*:*:*:*', 'cpe:2.3:o:cisco:ios:15.0\\(1\\)sy7a:*:*:*:*:*:*:*', 'cpe:2.3:o:cisco:ios:15.0\\(1\\)sy8:*:*:*:*:*:*:*', 'cpe:2.3:o:cisco:ios:15.0\\(1\\)sy9:*:*:*:*:*:*:*', 'cpe:2.3:o:cisco:ios:15.0\\(1\\)sy10:*:*:*:*:*:*:*', 'cpe:2.3:o:cisco:ios:15.0\\(2\\)ea:*:*:*:*:*:*:*', 'cpe:2.3:o:cisco:ios:15.0\\(2\\)ea1:*:*:*:*:*:*:*', 'cpe:2.3:o:cisco:ios:15.0\\(2\\)ej:*:*:*:*:*:*:*', 'cpe:2.3:o:cisco:ios:15.0\\(2\\)ej1:*:*:*:*:*:*:*', 'cpe:2.3:o:cisco:ios:15.0\\(2\\)ek:*:*:*:*:*:*:*', 'cpe:2.3:o:cisco:ios:15.0\\(2\\)ek1:*:*:*:*:*:*:*', 'cpe:2.3:o:cisco:ios:15.0\\(2\\)ey:*:*:*:*:*:*:*', 'cpe:2.3:o:cisco:ios:15.0\\(2\\)ey1:*:*:*:*:*:*:*', 'cpe:2.3:o:cisco:ios:15.0\\(2\\)ey2:*:*:*:*:*:*:*', 'cpe:2.3:o:cisco:ios:15.0\\(2\\)ey3:*:*:*:*:*:*:*', 'cpe:2.3:o:cisco:ios:15.0\\(2\\)se:*:*:*:*:*:*:*', 'cpe:2.3:o:cisco:ios:15.0\\(2\\)se1:*:*:*:*:*:*:*', 'cpe:2.3:o:cisco:ios:15.0\\(2\\)se2:*:*:*:*:*:*:*', 'cpe:2.3:o:cisco:ios:15.0\\(2\\)se3:*:*:*:*:*:*:*', 'cpe:2.3:o:cisco:ios:15.0\\(2\\)se4:*:*:*:*:*:*:*', 'cpe:2.3:o:cisco:ios:15.0\\(2\\)se5:*:*:*:*:*:*:*', 'cpe:2.3:o:cisco:ios:15.0\\(2\\)se6:*:*:*:*:*:*:*', 'cpe:2.3:o:cisco:ios:15.0\\(2\\)se7:*:*:*:*:*:*:*', 'cpe:2.3:o:cisco:ios:15.0\\(2\\)se8:*:*:*:*:*:*:*', 'cpe:2.3:o:cisco:ios:15.0\\(2\\)se9:*:*:*:*:*:*:*', 'cpe:2.3:o:cisco:ios:15.0\\(2\\)se10:*:*:*:*:*:*:*', 'cpe:2.3:o:cisco:ios:15.0\\(2\\)se10a:*:*:*:*:*:*:*', 'cpe:2.3:o:cisco:ios:15.0\\(2\\)se11:*:*:*:*:*:*:*', 'cpe:2.3:o:cisco:ios:15.0\\(2\\)se12:*:*:*:*:*:*:*', 'cpe:2.3:o:cisco:ios:15.0\\(2\\)se13:*:*:*:*:*:*:*', 'cpe:2.3:o:cisco:ios:15.0\\(2\\)sg:*:*:*:*:*:*:*', 'cpe:2.3:o:cisco:ios:15.0\\(2\\)sg1:*:*:*:*:*:*:*', 'cpe:2.3:o:cisco:ios:15.0\\(2\\)sg2:*:*:*:*:*:*:*', 'cpe:2.3:o:cisco:ios:15.0\\(2\\)sg3:*:*:*:*:*:*:*', 'cpe:2.3:o:cisco:ios:15.0\\(2\\)sg4:*:*:*:*:*:*:*', 'cpe:2.3:o:cisco:ios:15.0\\(2\\)sg5:*:*:*:*:*:*:*', 'cpe:2.3:o:cisco:ios:15.0\\(2\\)sg6:*:*:*:*:*:*:*', 'cpe:2.3:o:cisco:ios:15.0\\(2\\)sg7:*:*:*:*:*:*:*', 'cpe:2.3:o:cisco:ios:15.0\\(2\\)sg8:*:*:*:*:*:*:*', 'cpe:2.3:o:cisco:ios:15.0\\(2\\)sg9:*:*:*:*:*:*:*', 'cpe:2.3:o:cisco:ios:15.0\\(2\\)sg10:*:*:*:*:*:*:*', 'cpe:2.3:o:cisco:ios:15.0\\(2\\)sg11:*:*:*:*:*:*:*', 'cpe:2.3:o:cisco:ios:15.0\\(2\\)sqd:*:*:*:*:*:*:*', 'cpe:2.3:o:cisco:ios:15.0\\(2\\)sqd1:*:*:*:*:*:*:*', 'cpe:2.3:o:cisco:ios:15.0\\(2\\)sqd2:*:*:*:*:*:*:*', 'cpe:2.3:o:cisco:ios:15.0\\(2\\)sqd3:*:*:*:*:*:*:*', 'cpe:2.3:o:cisco:ios:15.0\\(2\\)sqd4:*:*:*:*:*:*:*', 'cpe:2.3:o:cisco:ios:15.0\\(2\\)sqd5:*:*:*:*:*:*:*', 'cpe:2.3:o:cisco:ios:15.0\\(2\\)sqd6:*:*:*:*:*:*:*', 'cpe:2.3:o:cisco:ios:15.0\\(2\\)sqd7:*:*:*:*:*:*:*', 'cpe:2.3:o:cisco:ios:15.0\\(2\\)sqd8:*:*:*:*:*:*:*', 'cpe:2.3:o:cisco:ios:15.1\\(1\\)sg:*:*:*:*:*:*:*', 'cpe:2.3:o:cisco:ios:15.1\\(1\\)sg1:*:*:*:*:*:*:*', 'cpe:2.3:o:cisco:ios:15.1\\(1\\)sg2:*:*:*:*:*:*:*', 'cpe:2.3:o:cisco:ios:15.1\\(1\\)sy:*:*:*:*:*:*:*', 'cpe:2.3:o:cisco:ios:15.1\\(1\\)sy1:*:*:*:*:*:*:*', 'cpe:2.3:o:cisco:ios:15.1\\(1\\)sy2:*:*:*:*:*:*:*', 'cpe:2.3:o:cisco:ios:15.1\\(1\\)sy3:*:*:*:*:*:*:*', 'cpe:2.3:o:cisco:ios:15.1\\(1\\)sy4:*:*:*:*:*:*:*', 'cpe:2.3:o:cisco:ios:15.1\\(1\\)sy5:*:*:*:*:*:*:*', 'cpe:2.3:o:cisco:ios:15.1\\(1\\)sy6:*:*:*:*:*:*:*', 'cpe:2.3:o:cisco:ios:15.1\\(2\\)sg:*:*:*:*:*:*:*', 'cpe:2.3:o:cisco:ios:15.1\\(2\\)sg1:*:*:*:*:*:*:*', 'cpe:2.3:o:cisco:ios:15.1\\(2\\)sg2:*:*:*:*:*:*:*', 'cpe:2.3:o:cisco:ios:15.1\\(2\\)sg3:*:*:*:*:*:*:*', 'cpe:2.3:o:cisco:ios:15.1\\(2\\)sg4:*:*:*:*:*:*:*', 'cpe:2.3:o:cisco:ios:15.1\\(2\\)sg5:*:*:*:*:*:*:*', 'cpe:2.3:o:cisco:ios:15.1\\(2\\)sg6:*:*:*:*:*:*:*', 'cpe:2.3:o:cisco:ios:15.1\\(2\\)sg7:*:*:*:*:*:*:*', 'cpe:2.3:o:cisco:ios:15.1\\(2\\)sg8:*:*:*:*:*:*:*', 'cpe:2.3:o:cisco:ios:15.1\\(2\\)sy:*:*:*:*:*:*:*', 'cpe:2.3:o:cisco:ios:15.1\\(2\\)sy1:*:*:*:*:*:*:*', 'cpe:2.3:o:cisco:ios:15.1\\(2\\)sy2:*:*:*:*:*:*:*', 'cpe:2.3:o:cisco:ios:15.1\\(2\\)sy3:*:*:*:*:*:*:*', 'cpe:2.3:o:cisco:ios:15.1\\(2\\)sy4:*:*:*:*:*:*:*', 'cpe:2.3:o:cisco:ios:15.1\\(2\\)sy4a:*:*:*:*:*:*:*', 'cpe:2.3:o:cisco:ios:15.1\\(2\\)sy5:*:*:*:*:*:*:*', 'cpe:2.3:o:cisco:ios:15.1\\(2\\)sy6:*:*:*:*:*:*:*', 'cpe:2.3:o:cisco:ios:15.1\\(2\\)sy7:*:*:*:*:*:*:*', 'cpe:2.3:o:cisco:ios:15.1\\(2\\)sy8:*:*:*:*:*:*:*', 'cpe:2.3:o:cisco:ios:15.1\\(2\\)sy9:*:*:*:*:*:*:*', 'cpe:2.3:o:cisco:ios:15.1\\(2\\)sy10:*:*:*:*:*:*:*', 'cpe:2.3:o:cisco:ios:15.1\\(2\\)sy11:*:*:*:*:*:*:*', 'cpe:2.3:o:cisco:ios:15.1\\(2\\)sy12:*:*:*:*:*:*:*', 'cpe:2.3:o:cisco:ios:15.1\\(2\\)sy13:*:*:*:*:*:*:*', 'cpe:2.3:o:cisco:ios:15.1\\(2\\)sy14:*:*:*:*:*:*:*', 'cpe:2.3:o:cisco:ios:15.1\\(2\\)sy15:*:*:*:*:*:*:*', 'cpe:2.3:o:cisco:ios:15.1\\(2\\)sy16:*:*:*:*:*:*:*', 'cpe:2.3:o:cisco:ios:15.2\\(1\\)e:*:*:*:*:*:*:*', 'cpe:2.3:o:cisco:ios:15.2\\(1\\)e1:*:*:*:*:*:*:*', 'cpe:2.3:o:cisco:ios:15.2\\(1\\)e2:*:*:*:*:*:*:*', 'cpe:2.3:o:cisco:ios:15.2\\(1\\)e3:*:*:*:*:*:*:*', 'cpe:2.3:o:cisco:ios:15.2\\(1\\)ey:*:*:*:*:*:*:*', 'cpe:2.3:o:cisco:ios:15.2\\(1\\)sy:*:*:*:*:*:*:*', 'cpe:2.3:o:cisco:ios:15.2\\(1\\)sy0a:*:*:*:*:*:*:*', 'cpe:2.3:o:cisco:ios:15.2\\(1\\)sy1:*:*:*:*:*:*:*', 'cpe:2.3:o:cisco:ios:15.2\\(1\\)sy1a:*:*:*:*:*:*:*', 'cpe:2.3:o:cisco:ios:15.2\\(1\\)sy2:*:*:*:*:*:*:*', 'cpe:2.3:o:cisco:ios:15.2\\(1\\)sy3:*:*:*:*:*:*:*', 'cpe:2.3:o:cisco:ios:15.2\\(1\\)sy4:*:*:*:*:*:*:*', 'cpe:2.3:o:cisco:ios:15.2\\(1\\)sy5:*:*:*:*:*:*:*', 'cpe:2.3:o:cisco:ios:15.2\\(1\\)sy6:*:*:*:*:*:*:*', 'cpe:2.3:o:cisco:ios:15.2\\(1\\)sy7:*:*:*:*:*:*:*', 'cpe:2.3:o:cisco:ios:15.2\\(1\\)sy8:*:*:*:*:*:*:*', 'cpe:2.3:o:cisco:ios:15.2\\(2\\)e:*:*:*:*:*:*:*', 'cpe:2.3:o:cisco:ios:15.2\\(2\\)e1:*:*:*:*:*:*:*', 'cpe:2.3:o:cisco:ios:15.2\\(2\\)e2:*:*:*:*:*:*:*', 'cpe:2.3:o:cisco:ios:15.2\\(2\\)e3:*:*:*:*:*:*:*', 'cpe:2.3:o:cisco:ios:15.2\\(2\\)e4:*:*:*:*:*:*:*', 'cpe:2.3:o:cisco:ios:15.2\\(2\\)e5:*:*:*:*:*:*:*', 'cpe:2.3:o:cisco:ios:15.2\\(2\\)e5a:*:*:*:*:*:*:*', 'cpe:2.3:o:cisco:ios:15.2\\(2\\)e5b:*:*:*:*:*:*:*', 'cpe:2.3:o:cisco:ios:15.2\\(2\\)e6:*:*:*:*:*:*:*', 'cpe:2.3:o:cisco:ios:15.2\\(2\\)e7:*:*:*:*:*:*:*', 'cpe:2.3:o:cisco:ios:15.2\\(2\\)e8:*:*:*:*:*:*:*', 'cpe:2.3:o:cisco:ios:15.2\\(2\\)e9:*:*:*:*:*:*:*', 'cpe:2.3:o:cisco:ios:15.2\\(2\\)e10:*:*:*:*:*:*:*', 'cpe:2.3:o:cisco:ios:15.2\\(2\\)ea:*:*:*:*:*:*:*', 'cpe:2.3:o:cisco:ios:15.2\\(2\\)ea1:*:*:*:*:*:*:*', 'cpe:2.3:o:cisco:ios:15.2\\(2\\)ea2:*:*:*:*:*:*:*', 'cpe:2.3:o:cisco:ios:15.2\\(2\\)ea3:*:*:*:*:*:*:*', 'cpe:2.3:o:cisco:ios:15.2\\(2\\)gc:*:*:*:*:*:*:*', 'cpe:2.3:o:cisco:ios:15.2\\(2\\)jax:*:*:*:*:*:*:*', 'cpe:2.3:o:cisco:ios:15.2\\(2\\)jb:*:*:*:*:*:*:*', 'cpe:2.3:o:cisco:ios:15.2\\(2\\)jb2:*:*:*:*:*:*:*', 'cpe:2.3:o:cisco:ios:15.2\\(2\\)jb3:*:*:*:*:*:*:*', 'cpe:2.3:o:cisco:ios:15.2\\(2\\)jb4:*:*:*:*:*:*:*', 'cpe:2.3:o:cisco:ios:15.2\\(2\\)jb5:*:*:*:*:*:*:*', 'cpe:2.3:o:cisco:ios:15.2\\(2\\)jb6:*:*:*:*:*:*:*', 'cpe:2.3:o:cisco:ios:15.2\\(2\\)sy:*:*:*:*:*:*:*', 'cpe:2.3:o:cisco:ios:15.2\\(2\\)sy1:*:*:*:*:*:*:*', 'cpe:2.3:o:cisco:ios:15.2\\(2\\)sy2:*:*:*:*:*:*:*', 'cpe:2.3:o:cisco:ios:15.2\\(2\\)sy3:*:*:*:*:*:*:*', 'cpe:2.3:o:cisco:ios:15.2\\(2a\\)e1:*:*:*:*:*:*:*', 'cpe:2.3:o:cisco:ios:15.2\\(2a\\)e2:*:*:*:*:*:*:*', 'cpe:2.3:o:cisco:ios:15.2\\(3\\)e:*:*:*:*:*:*:*', 'cpe:2.3:o:cisco:ios:15.2\\(3\\)e1:*:*:*:*:*:*:*', 'cpe:2.3:o:cisco:ios:15.2\\(3\\)e2:*:*:*:*:*:*:*', 'cpe:2.3:o:cisco:ios:15.2\\(3\\)e3:*:*:*:*:*:*:*', 'cpe:2.3:o:cisco:ios:15.2\\(3\\)e4:*:*:*:*:*:*:*', 'cpe:2.3:o:cisco:ios:15.2\\(3\\)ea:*:*:*:*:*:*:*', 'cpe:2.3:o:cisco:ios:15.2\\(3\\)gc:*:*:*:*:*:*:*', 'cpe:2.3:o:cisco:ios:15.2\\(3\\)gc1:*:*:*:*:*:*:*', 'cpe:2.3:o:cisco:ios:15.2\\(3a\\)e:*:*:*:*:*:*:*', 'cpe:2.3:o:cisco:ios:15.2\\(4\\)e:*:*:*:*:*:*:*', 'cpe:2.3:o:cisco:ios:15.2\\(4\\)e1:*:*:*:*:*:*:*', 'cpe:2.3:o:cisco:ios:15.2\\(4\\)e2:*:*:*:*:*:*:*', 'cpe:2.3:o:cisco:ios:15.2\\(4\\)e3:*:*:*:*:*:*:*', 'cpe:2.3:o:cisco:ios:15.2\\(4\\)e4:*:*:*:*:*:*:*', 'cpe:2.3:o:cisco:ios:15.2\\(4\\)e5:*:*:*:*:*:*:*', 'cpe:2.3:o:cisco:ios:15.2\\(4\\)e6:*:*:*:*:*:*:*', 'cpe:2.3:o:cisco:ios:15.2\\(4\\)e7:*:*:*:*:*:*:*', 'cpe:2.3:o:cisco:ios:15.2\\(4\\)e8:*:*:*:*:*:*:*', 'cpe:2.3:o:cisco:ios:15.2\\(4\\)e9:*:*:*:*:*:*:*', 'cpe:2.3:o:cisco:ios:15.2\\(4\\)e10:*:*:*:*:*:*:*', 'cpe:2.3:o:cisco:ios:15.2\\(4\\)e10a:*:*:*:*:*:*:*', 'cpe:2.3:o:cisco:ios:15.2\\(4\\)e10d:*:*:*:*:*:*:*', 'cpe:2.3:o:cisco:ios:15.2\\(4\\)ea:*:*:*:*:*:*:*', 'cpe:2.3:o:cisco:ios:15.2\\(4\\)ea1:*:*:*:*:*:*:*', 'cpe:2.3:o:cisco:ios:15.2\\(4\\)ea3:*:*:*:*:*:*:*', 'cpe:2.3:o:cisco:ios:15.2\\(4\\)ea4:*:*:*:*:*:*:*', 'cpe:2.3:o:cisco:ios:15.2\\(4\\)ea5:*:*:*:*:*:*:*', 'cpe:2.3:o:cisco:ios:15.2\\(4\\)ea6:*:*:*:*:*:*:*', 'cpe:2.3:o:cisco:ios:15.2\\(4\\)ea7:*:*:*:*:*:*:*', 'cpe:2.3:o:cisco:ios:15.2\\(4\\)ea8:*:*:*:*:*:*:*', 'cpe:2.3:o:cisco:ios:15.2\\(4\\)ea9:*:*:*:*:*:*:*', 'cpe:2.3:o:cisco:ios:15.2\\(4\\)ea9a:*:*:*:*:*:*:*', 'cpe:2.3:o:cisco:ios:15.2\\(4\\)ec1:*:*:*:*:*:*:*', 'cpe:2.3:o:cisco:ios:15.2\\(4\\)ec2:*:*:*:*:*:*:*', 'cpe:2.3:o:cisco:ios:15.2\\(4\\)gc:*:*:*:*:*:*:*', 'cpe:2.3:o:cisco:ios:15.2\\(4\\)gc1:*:*:*:*:*:*:*', 'cpe:2.3:o:cisco:ios:15.2\\(4\\)gc2:*:*:*:*:*:*:*', 'cpe:2.3:o:cisco:ios:15.2\\(4\\)gc3:*:*:*:*:*:*:*', 'cpe:2.3:o:cisco:ios:15.2\\(4\\)jb:*:*:*:*:*:*:*', 'cpe:2.3:o:cisco:ios:15.2\\(4\\)jb1:*:*:*:*:*:*:*', 'cpe:2.3:o:cisco:ios:15.2\\(4\\)jb2:*:*:*:*:*:*:*', 'cpe:2.3:o:cisco:ios:15.2\\(4\\)jb3:*:*:*:*:*:*:*', 'cpe:2.3:o:cisco:ios:15.2\\(4\\)jb3a:*:*:*:*:*:*:*', 'cpe:2.3:o:cisco:ios:15.2\\(4\\)jb3b:*:*:*:*:*:*:*', 'cpe:2.3:o:cisco:ios:15.2\\(4\\)jb3h:*:*:*:*:*:*:*', 'cpe:2.3:o:cisco:ios:15.2\\(4\\)jb4:*:*:*:*:*:*:*', 'cpe:2.3:o:cisco:ios:15.2\\(4\\)jb5:*:*:*:*:*:*:*', 'cpe:2.3:o:cisco:ios:15.2\\(4\\)jb6:*:*:*:*:*:*:*', 'cpe:2.3:o:cisco:ios:15.2\\(4\\)jn:*:*:*:*:*:*:*', 'cpe:2.3:o:cisco:ios:15.2\\(4\\)m:*:*:*:*:*:*:*', 'cpe:2.3:o:cisco:ios:15.2\\(4\\)m1:*:*:*:*:*:*:*', 'cpe:2.3:o:cisco:ios:15.2\\(4\\)m2:*:*:*:*:*:*:*', 'cpe:2.3:o:cisco:ios:15.2\\(4\\)m3:*:*:*:*:*:*:*', 'cpe:2.3:o:cisco:ios:15.2\\(4\\)m4:*:*:*:*:*:*:*', 'cpe:2.3:o:cisco:ios:15.2\\(4\\)m5:*:*:*:*:*:*:*', 'cpe:2.3:o:cisco:ios:15.2\\(4\\)m6:*:*:*:*:*:*:*', 'cpe:2.3:o:cisco:ios:15.2\\(4\\)m6a:*:*:*:*:*:*:*', 'cpe:2.3:o:cisco:ios:15.2\\(4\\)m7:*:*:*:*:*:*:*', 'cpe:2.3:o:cisco:ios:15.2\\(4\\)m8:*:*:*:*:*:*:*', 'cpe:2.3:o:cisco:ios:15.2\\(4\\)m9:*:*:*:*:*:*:*', 'cpe:2.3:o:cisco:ios:15.2\\(4\\)m10:*:*:*:*:*:*:*', 'cpe:2.3:o:cisco:ios:15.2\\(4\\)m11:*:*:*:*:*:*:*', 'cpe:2.3:o:cisco:ios:15.2\\(5\\)e:*:*:*:*:*:*:*', 'cpe:2.3:o:cisco:ios:15.2\\(5\\)e1:*:*:*:*:*:*:*', 'cpe:2.3:o:cisco:ios:15.2\\(5\\)e2:*:*:*:*:*:*:*', 'cpe:2.3:o:cisco:ios:15.2\\(5\\)e2c:*:*:*:*:*:*:*', 'cpe:2.3:o:cisco:ios:15.2\\(5\\)ea:*:*:*:*:*:*:*', 'cpe:2.3:o:cisco:ios:15.2\\(5\\)ex:*:*:*:*:*:*:*', 'cpe:2.3:o:cisco:ios:15.2\\(5a\\)e:*:*:*:*:*:*:*', 'cpe:2.3:o:cisco:ios:15.2\\(5a\\)e1:*:*:*:*:*:*:*', 'cpe:2.3:o:cisco:ios:15.2\\(5b\\)e:*:*:*:*:*:*:*', 'cpe:2.3:o:cisco:ios:15.2\\(5c\\)e:*:*:*:*:*:*:*', 'cpe:2.3:o:cisco:ios:15.2\\(6\\)e:*:*:*:*:*:*:*', 'cpe:2.3:o:cisco:ios:15.2\\(6\\)e0a:*:*:*:*:*:*:*', 'cpe:2.3:o:cisco:ios:15.2\\(6\\)e0c:*:*:*:*:*:*:*', 'cpe:2.3:o:cisco:ios:15.2\\(6\\)e1:*:*:*:*:*:*:*', 'cpe:2.3:o:cisco:ios:15.2\\(6\\)e2:*:*:*:*:*:*:*', 'cpe:2.3:o:cisco:ios:15.2\\(6\\)e2a:*:*:*:*:*:*:*', 'cpe:2.3:o:cisco:ios:15.2\\(6\\)e2b:*:*:*:*:*:*:*', 'cpe:2.3:o:cisco:ios:15.2\\(6\\)e3:*:*:*:*:*:*:*', 'cpe:2.3:o:cisco:ios:15.2\\(7\\)e:*:*:*:*:*:*:*', 'cpe:2.3:o:cisco:ios:15.2\\(7\\)e0a:*:*:*:*:*:*:*', 'cpe:2.3:o:cisco:ios:15.2\\(7\\)e0b:*:*:*:*:*:*:*', 'cpe:2.3:o:cisco:ios:15.2\\(7\\)e0s:*:*:*:*:*:*:*', 'cpe:2.3:o:cisco:ios:15.2\\(7\\)e1:*:*:*:*:*:*:*', 'cpe:2.3:o:cisco:ios:15.2\\(7\\)e1a:*:*:*:*:*:*:*', 'cpe:2.3:o:cisco:ios:15.2\\(7\\)e2:*:*:*:*:*:*:*', 'cpe:2.3:o:cisco:ios:15.2\\(7\\)e2a:*:*:*:*:*:*:*', 'cpe:2.3:o:cisco:ios:15.2\\(7\\)e3:*:*:*:*:*:*:*', 'cpe:2.3:o:cisco:ios:15.2\\(7\\)e3k:*:*:*:*:*:*:*', 'cpe:2.3:o:cisco:ios:15.2\\(7\\)e4:*:*:*:*:*:*:*', 'cpe:2.3:o:cisco:ios:15.2\\(7\\)e5:*:*:*:*:*:*:*', 'cpe:2.3:o:cisco:ios:15.2\\(7\\)e6:*:*:*:*:*:*:*', 'cpe:2.3:o:cisco:ios:15.2\\(7\\)e7:*:*:*:*:*:*:*', 'cpe:2.3:o:cisco:ios:15.2\\(7\\)e8:*:*:*:*:*:*:*', 'cpe:2.3:o:cisco:ios:15.2\\(7\\)e9:*:*:*:*:*:*:*', 'cpe:2.3:o:cisco:ios:15.2\\(7\\)e10:*:*:*:*:*:*:*', 'cpe:2.3:o:cisco:ios:15.2\\(7\\)e11:*:*:*:*:*:*:*', 'cpe:2.3:o:cisco:ios:15.2\\(7\\)e12:*:*:*:*:*:*:*', 'cpe:2.3:o:cisco:ios:15.2\\(7a\\)e0b:*:*:*:*:*:*:*', 'cpe:2.3:o:cisco:ios:15.2\\(7b\\)e0b:*:*:*:*:*:*:*', 'cpe:2.3:o:cisco:ios:15.2\\(8\\)e:*:*:*:*:*:*:*', 'cpe:2.3:o:cisco:ios:15.2\\(8\\)e1:*:*:*:*:*:*:*', 'cpe:2.3:o:cisco:ios:15.2\\(8\\)e2:*:*:*:*:*:*:*', 'cpe:2.3:o:cisco:ios:15.2\\(8\\)e3:*:*:*:*:*:*:*', 'cpe:2.3:o:cisco:ios:15.2\\(8\\)e4:*:*:*:*:*:*:*', 'cpe:2.3:o:cisco:ios:15.2\\(8\\)e5:*:*:*:*:*:*:*', 'cpe:2.3:o:cisco:ios:15.2\\(8\\)e6:*:*:*:*:*:*:*', 'cpe:2.3:o:cisco:ios:15.2\\(8\\)e7:*:*:*:*:*:*:*', 'cpe:2.3:o:cisco:ios:15.3\\(1\\)sy:*:*:*:*:*:*:*', 'cpe:2.3:o:cisco:ios:15.3\\(1\\)sy1:*:*:*:*:*:*:*', 'cpe:2.3:o:cisco:ios:15.3\\(1\\)sy2:*:*:*:*:*:*:*', 'cpe:2.3:o:cisco:ios:15.3\\(1\\)t:*:*:*:*:*:*:*', 'cpe:2.3:o:cisco:ios:15.3\\(1\\)t1:*:*:*:*:*:*:*', 'cpe:2.3:o:cisco:ios:15.3\\(1\\)t2:*:*:*:*:*:*:*', 'cpe:2.3:o:cisco:ios:15.3\\(1\\)t3:*:*:*:*:*:*:*', 'cpe:2.3:o:cisco:ios:15.3\\(1\\)t4:*:*:*:*:*:*:*', 'cpe:2.3:o:cisco:ios:15.3\\(2\\)t:*:*:*:*:*:*:*', 'cpe:2.3:o:cisco:ios:15.3\\(2\\)t1:*:*:*:*:*:*:*', 'cpe:2.3:o:cisco:ios:15.3\\(2\\)t2:*:*:*:*:*:*:*', 'cpe:2.3:o:cisco:ios:15.3\\(2\\)t3:*:*:*:*:*:*:*', 'cpe:2.3:o:cisco:ios:15.3\\(2\\)t4:*:*:*:*:*:*:*', 'cpe:2.3:o:cisco:ios:15.3\\(3\\)ja1:*:*:*:*:*:*:*', 'cpe:2.3:o:cisco:ios:15.3\\(3\\)ja1m:*:*:*:*:*:*:*', 'cpe:2.3:o:cisco:ios:15.3\\(3\\)ja4:*:*:*:*:*:*:*', 'cpe:2.3:o:cisco:ios:15.3\\(3\\)ja5:*:*:*:*:*:*:*', 'cpe:2.3:o:cisco:ios:15.3\\(3\\)ja6:*:*:*:*:*:*:*', 'cpe:2.3:o:cisco:ios:15.3\\(3\\)ja7:*:*:*:*:*:*:*', 'cpe:2.3:o:cisco:ios:15.3\\(3\\)ja8:*:*:*:*:*:*:*', 'cpe:2.3:o:cisco:ios:15.3\\(3\\)ja10:*:*:*:*:*:*:*', 'cpe:2.3:o:cisco:ios:15.3\\(3\\)ja11:*:*:*:*:*:*:*', 'cpe:2.3:o:cisco:ios:15.3\\(3\\)ja12:*:*:*:*:*:*:*', 'cpe:2.3:o:cisco:ios:15.3\\(3\\)jaa:*:*:*:*:*:*:*', 'cpe:2.3:o:cisco:ios:15.3\\(3\\)jaa11:*:*:*:*:*:*:*', 'cpe:2.3:o:cisco:ios:15.3\\(3\\)jaa12:*:*:*:*:*:*:*', 'cpe:2.3:o:cisco:ios:15.3\\(3\\)jab:*:*:*:*:*:*:*', 'cpe:2.3:o:cisco:ios:15.3\\(3\\)jax:*:*:*:*:*:*:*', 'cpe:2.3:o:cisco:ios:15.3\\(3\\)jax1:*:*:*:*:*:*:*', 'cpe:2.3:o:cisco:ios:15.3\\(3\\)jax2:*:*:*:*:*:*:*', 'cpe:2.3:o:cisco:ios:15.3\\(3\\)jb:*:*:*:*:*:*:*', 'cpe:2.3:o:cisco:ios:15.3\\(3\\)jbb:*:*:*:*:*:*:*', 'cpe:2.3:o:cisco:ios:15.3\\(3\\)jbb1:*:*:*:*:*:*:*', 'cpe:2.3:o:cisco:ios:15.3\\(3\\)jbb2:*:*:*:*:*:*:*', 'cpe:2.3:o:cisco:ios:15.3\\(3\\)jbb4:*:*:*:*:*:*:*', 'cpe:2.3:o:cisco:ios:15.3\\(3\\)jbb5:*:*:*:*:*:*:*', 'cpe:2.3:o:cisco:ios:15.3\\(3\\)jbb6:*:*:*:*:*:*:*', 'cpe:2.3:o:cisco:ios:15.3\\(3\\)jbb6a:*:*:*:*:*:*:*', 'cpe:2.3:o:cisco:ios:15.3\\(3\\)jbb8:*:*:*:*:*:*:*', 'cpe:2.3:o:cisco:ios:15.3\\(3\\)jc:*:*:*:*:*:*:*', 'cpe:2.3:o:cisco:ios:15.3\\(3\\)jc1:*:*:*:*:*:*:*', 'cpe:2.3:o:cisco:ios:15.3\\(3\\)jc2:*:*:*:*:*:*:*', 'cpe:2.3:o:cisco:ios:15.3\\(3\\)jc3:*:*:*:*:*:*:*', 'cpe:2.3:o:cisco:ios:15.3\\(3\\)jc4:*:*:*:*:*:*:*', 'cpe:2.3:o:cisco:ios:15.3\\(3\\)jc5:*:*:*:*:*:*:*', 'cpe:2.3:o:cisco:ios:15.3\\(3\\)jc6:*:*:*:*:*:*:*', 'cpe:2.3:o:cisco:ios:15.3\\(3\\)jc8:*:*:*:*:*:*:*', 'cpe:2.3:o:cisco:ios:15.3\\(3\\)jc9:*:*:*:*:*:*:*', 'cpe:2.3:o:cisco:ios:15.3\\(3\\)jc14:*:*:*:*:*:*:*', 'cpe:2.3:o:cisco:ios:15.3\\(3\\)jca7:*:*:*:*:*:*:*', 'cpe:2.3:o:cisco:ios:15.3\\(3\\)jca8:*:*:*:*:*:*:*', 'cpe:2.3:o:cisco:ios:15.3\\(3\\)jca9:*:*:*:*:*:*:*', 'cpe:2.3:o:cisco:ios:15.3\\(3\\)jd:*:*:*:*:*:*:*', 'cpe:2.3:o:cisco:ios:15.3\\(3\\)jd2:*:*:*:*:*:*:*', 'cpe:2.3:o:cisco:ios:15.3\\(3\\)jd3:*:*:*:*:*:*:*', 'cpe:2.3:o:cisco:ios:15.3\\(3\\)jd4:*:*:*:*:*:*:*', 'cpe:2.3:o:cisco:ios:15.3\\(3\\)jd5:*:*:*:*:*:*:*', 'cpe:2.3:o:cisco:ios:15.3\\(3\\)jd6:*:*:*:*:*:*:*', 'cpe:2.3:o:cisco:ios:15.3\\(3\\)jd7:*:*:*:*:*:*:*', 'cpe:2.3:o:cisco:ios:15.3\\(3\\)jd8:*:*:*:*:*:*:*', 'cpe:2.3:o:cisco:ios:15.3\\(3\\)jd9:*:*:*:*:*:*:*', 'cpe:2.3:o:cisco:ios:15.3\\(3\\)jd11:*:*:*:*:*:*:*', 'cpe:2.3:o:cisco:ios:15.3\\(3\\)jd13:*:*:*:*:*:*:*', 'cpe:2.3:o:cisco:ios:15.3\\(3\\)jd14:*:*:*:*:*:*:*', 'cpe:2.3:o:cisco:ios:15.3\\(3\\)jd16:*:*:*:*:*:*:*', 'cpe:2.3:o:cisco:ios:15.3\\(3\\)jd17:*:*:*:*:*:*:*', 'cpe:2.3:o:cisco:ios:15.3\\(3\\)jda7:*:*:*:*:*:*:*', 'cpe:2.3:o:cisco:ios:15.3\\(3\\)jda8:*:*:*:*:*:*:*', 'cpe:2.3:o:cisco:ios:15.3\\(3\\)jda9:*:*:*:*:*:*:*', 'cpe:2.3:o:cisco:ios:15.3\\(3\\)jda11:*:*:*:*:*:*:*', 'cpe:2.3:o:cisco:ios:15.3\\(3\\)jda13:*:*:*:*:*:*:*', 'cpe:2.3:o:cisco:ios:15.3\\(3\\)jda14:*:*:*:*:*:*:*', 'cpe:2.3:o:cisco:ios:15.3\\(3\\)jda16:*:*:*:*:*:*:*', 'cpe:2.3:o:cisco:ios:15.3\\(3\\)jda17:*:*:*:*:*:*:*', 'cpe:2.3:o:cisco:ios:15.3\\(3\\)je:*:*:*:*:*:*:*', 'cpe:2.3:o:cisco:ios:15.3\\(3\\)jf:*:*:*:*:*:*:*', 'cpe:2.3:o:cisco:ios:15.3\\(3\\)jf1:*:*:*:*:*:*:*', 'cpe:2.3:o:cisco:ios:15.3\\(3\\)jf2:*:*:*:*:*:*:*', 'cpe:2.3:o:cisco:ios:15.3\\(3\\)jf4:*:*:*:*:*:*:*', 'cpe:2.3:o:cisco:ios:15.3\\(3\\)jf5:*:*:*:*:*:*:*', 'cpe:2.3:o:cisco:ios:15.3\\(3\\)jf6:*:*:*:*:*:*:*', 'cpe:2.3:o:cisco:ios:15.3\\(3\\)jf7:*:*:*:*:*:*:*', 'cpe:2.3:o:cisco:ios:15.3\\(3\\)jf8:*:*:*:*:*:*:*', 'cpe:2.3:o:cisco:ios:15.3\\(3\\)jf9:*:*:*:*:*:*:*', 'cpe:2.3:o:cisco:ios:15.3\\(3\\)jf10:*:*:*:*:*:*:*', 'cpe:2.3:o:cisco:ios:15.3\\(3\\)jf11:*:*:*:*:*:*:*', 'cpe:2.3:o:cisco:ios:15.3\\(3\\)jf12:*:*:*:*:*:*:*', 'cpe:2.3:o:cisco:ios:15.3\\(3\\)jf12i:*:*:*:*:*:*:*', 'cpe:2.3:o:cisco:ios:15.3\\(3\\)jf14:*:*:*:*:*:*:*', 'cpe:2.3:o:cisco:ios:15.3\\(3\\)jf14i:*:*:*:*:*:*:*', 'cpe:2.3:o:cisco:ios:15.3\\(3\\)jf15:*:*:*:*:*:*:*', 'cpe:2.3:o:cisco:ios:15.3\\(3\\)jg:*:*:*:*:*:*:*', 'cpe:2.3:o:cisco:ios:15.3\\(3\\)jg1:*:*:*:*:*:*:*', 'cpe:2.3:o:cisco:ios:15.3\\(3\\)jh:*:*:*:*:*:*:*', 'cpe:2.3:o:cisco:ios:15.3\\(3\\)jh1:*:*:*:*:*:*:*', 'cpe:2.3:o:cisco:ios:15.3\\(3\\)ji1:*:*:*:*:*:*:*', 'cpe:2.3:o:cisco:ios:15.3\\(3\\)ji3:*:*:*:*:*:*:*', 'cpe:2.3:o:cisco:ios:15.3\\(3\\)ji4:*:*:*:*:*:*:*', 'cpe:2.3:o:cisco:ios:15.3\\(3\\)ji5:*:*:*:*:*:*:*', 'cpe:2.3:o:cisco:ios:15.3\\(3\\)ji6:*:*:*:*:*:*:*', 'cpe:2.3:o:cisco:ios:15.3\\(3\\)jj:*:*:*:*:*:*:*', 'cpe:2.3:o:cisco:ios:15.3\\(3\\)jj1:*:*:*:*:*:*:*', 'cpe:2.3:o:cisco:ios:15.3\\(3\\)jk:*:*:*:*:*:*:*', 'cpe:2.3:o:cisco:ios:15.3\\(3\\)jk1:*:*:*:*:*:*:*', 'cpe:2.3:o:cisco:ios:15.3\\(3\\)jk1t:*:*:*:*:*:*:*', 'cpe:2.3:o:cisco:ios:15.3\\(3\\)jk2:*:*:*:*:*:*:*', 'cpe:2.3:o:cisco:ios:15.3\\(3\\)jk2a:*:*:*:*:*:*:*', 'cpe:2.3:o:cisco:ios:15.3\\(3\\)jk3:*:*:*:*:*:*:*', 'cpe:2.3:o:cisco:ios:15.3\\(3\\)jk4:*:*:*:*:*:*:*', 'cpe:2.3:o:cisco:ios:15.3\\(3\\)jk5:*:*:*:*:*:*:*', 'cpe:2.3:o:cisco:ios:15.3\\(3\\)jk6:*:*:*:*:*:*:*', 'cpe:2.3:o:cisco:ios:15.3\\(3\\)jk7:*:*:*:*:*:*:*', 'cpe:2.3:o:cisco:ios:15.3\\(3\\)jk8:*:*:*:*:*:*:*', 'cpe:2.3:o:cisco:ios:15.3\\(3\\)jk8a:*:*:*:*:*:*:*', 'cpe:2.3:o:cisco:ios:15.3\\(3\\)jk8b:*:*:*:*:*:*:*', 'cpe:2.3:o:cisco:ios:15.3\\(3\\)jk9:*:*:*:*:*:*:*', 'cpe:2.3:o:cisco:ios:15.3\\(3\\)jk10:*:*:*:*:*:*:*', 'cpe:2.3:o:cisco:ios:15.3\\(3\\)jk11:*:*:*:*:*:*:*', 'cpe:2.3:o:cisco:ios:15.3\\(3\\)jn3:*:*:*:*:*:*:*', 'cpe:2.3:o:cisco:ios:15.3\\(3\\)jn4:*:*:*:*:*:*:*', 'cpe:2.3:o:cisco:ios:15.3\\(3\\)jn7:*:*:*:*:*:*:*', 'cpe:2.3:o:cisco:ios:15.3\\(3\\)jn8:*:*:*:*:*:*:*', 'cpe:2.3:o:cisco:ios:15.3\\(3\\)jn9:*:*:*:*:*:*:*', 'cpe:2.3:o:cisco:ios:15.3\\(3\\)jnb:*:*:*:*:*:*:*', 'cpe:2.3:o:cisco:ios:15.3\\(3\\)jnb1:*:*:*:*:*:*:*', 'cpe:2.3:o:cisco:ios:15.3\\(3\\)jnb2:*:*:*:*:*:*:*', 'cpe:2.3:o:cisco:ios:15.3\\(3\\)jnb3:*:*:*:*:*:*:*', 'cpe:2.3:o:cisco:ios:15.3\\(3\\)jnb4:*:*:*:*:*:*:*', 'cpe:2.3:o:cisco:ios:15.3\\(3\\)jnb5:*:*:*:*:*:*:*', 'cpe:2.3:o:cisco:ios:15.3\\(3\\)jnb6:*:*:*:*:*:*:*', 'cpe:2.3:o:cisco:ios:15.3\\(3\\)jnc:*:*:*:*:*:*:*', 'cpe:2.3:o:cisco:ios:15.3\\(3\\)jnc1:*:*:*:*:*:*:*', 'cpe:2.3:o:cisco:ios:15.3\\(3\\)jnc4:*:*:*:*:*:*:*', 'cpe:2.3:o:cisco:ios:15.3\\(3\\)jnd:*:*:*:*:*:*:*', 'cpe:2.3:o:cisco:ios:15.3\\(3\\)jnd1:*:*:*:*:*:*:*', 'cpe:2.3:o:cisco:ios:15.3\\(3\\)jnd2:*:*:*:*:*:*:*', 'cpe:2.3:o:cisco:ios:15.3\\(3\\)jnd3:*:*:*:*:*:*:*', 'cpe:2.3:o:cisco:ios:15.3\\(3\\)jnp:*:*:*:*:*:*:*', 'cpe:2.3:o:cisco:ios:15.3\\(3\\)jnp1:*:*:*:*:*:*:*', 'cpe:2.3:o:cisco:ios:15.3\\(3\\)jnp3:*:*:*:*:*:*:*', 'cpe:2.3:o:cisco:ios:15.3\\(3\\)jpb:*:*:*:*:*:*:*', 'cpe:2.3:o:cisco:ios:15.3\\(3\\)jpb1:*:*:*:*:*:*:*', 'cpe:2.3:o:cisco:ios:15.3\\(3\\)jpc:*:*:*:*:*:*:*', 'cpe:2.3:o:cisco:ios:15.3\\(3\\)jpc1:*:*:*:*:*:*:*', 'cpe:2.3:o:cisco:ios:15.3\\(3\\)jpc2:*:*:*:*:*:*:*', 'cpe:2.3:o:cisco:ios:15.3\\(3\\)jpc3:*:*:*:*:*:*:*', 'cpe:2.3:o:cisco:ios:15.3\\(3\\)jpc5:*:*:*:*:*:*:*', 'cpe:2.3:o:cisco:ios:15.3\\(3\\)jpd:*:*:*:*:*:*:*', 'cpe:2.3:o:cisco:ios:15.3\\(3\\)jpi1:*:*:*:*:*:*:*', 'cpe:2.3:o:cisco:ios:15.3\\(3\\)jpi1t:*:*:*:*:*:*:*', 'cpe:2.3:o:cisco:ios:15.3\\(3\\)jpi4:*:*:*:*:*:*:*', 'cpe:2.3:o:cisco:ios:15.3\\(3\\)jpi5:*:*:*:*:*:*:*', 'cpe:2.3:o:cisco:ios:15.3\\(3\\)jpi6a:*:*:*:*:*:*:*', 'cpe:2.3:o:cisco:ios:15.3\\(3\\)jpi7:*:*:*:*:*:*:*', 'cpe:2.3:o:cisco:ios:15.3\\(3\\)jpi8a:*:*:*:*:*:*:*', 'cpe:2.3:o:cisco:ios:15.3\\(3\\)jpi9:*:*:*:*:*:*:*', 'cpe:2.3:o:cisco:ios:15.3\\(3\\)jpi10:*:*:*:*:*:*:*', 'cpe:2.3:o:cisco:ios:15.3\\(3\\)jpj2:*:*:*:*:*:*:*', 'cpe:2.3:o:cisco:ios:15.3\\(3\\)jpj2t:*:*:*:*:*:*:*', 'cpe:2.3:o:cisco:ios:15.3\\(3\\)jpj3:*:*:*:*:*:*:*', 'cpe:2.3:o:cisco:ios:15.3\\(3\\)jpj3a:*:*:*:*:*:*:*', 'cpe:2.3:o:cisco:ios:15.3\\(3\\)jpj4:*:*:*:*:*:*:*', 'cpe:2.3:o:cisco:ios:15.3\\(3\\)jpj5:*:*:*:*:*:*:*', 'cpe:2.3:o:cisco:ios:15.3\\(3\\)jpj6:*:*:*:*:*:*:*', 'cpe:2.3:o:cisco:ios:15.3\\(3\\)jpj7:*:*:*:*:*:*:*', 'cpe:2.3:o:cisco:ios:15.3\\(3\\)jpj7c:*:*:*:*:*:*:*', 'cpe:2.3:o:cisco:ios:15.3\\(3\\)jpj8a:*:*:*:*:*:*:*', 'cpe:2.3:o:cisco:ios:15.3\\(3\\)jpj9:*:*:*:*:*:*:*', 'cpe:2.3:o:cisco:ios:15.3\\(3\\)jpj10:*:*:*:*:*:*:*', 'cpe:2.3:o:cisco:ios:15.3\\(3\\)jpj11:*:*:*:*:*:*:*', 'cpe:2.3:o:cisco:ios:15.3\\(3\\)jpk:*:*:*:*:*:*:*', 'cpe:2.3:o:cisco:ios:15.3\\(3\\)jpk1:*:*:*:*:*:*:*', 'cpe:2.3:o:cisco:ios:15.3\\(3\\)jpk2:*:*:*:*:*:*:*', 'cpe:2.3:o:cisco:ios:15.3\\(3\\)jpk3:*:*:*:*:*:*:*', 'cpe:2.3:o:cisco:ios:15.3\\(3\\)jpk4:*:*:*:*:*:*:*', 'cpe:2.3:o:cisco:ios:15.3\\(3\\)jpk5:*:*:*:*:*:*:*', 'cpe:2.3:o:cisco:ios:15.3\\(3\\)jpk6:*:*:*:*:*:*:*', 'cpe:2.3:o:cisco:ios:15.3\\(3\\)jpk7:*:*:*:*:*:*:*', 'cpe:2.3:o:cisco:ios:15.3\\(3\\)jpk8:*:*:*:*:*:*:*', 'cpe:2.3:o:cisco:ios:15.3\\(3\\)jpk9:*:*:*:*:*:*:*', 'cpe:2.3:o:cisco:ios:15.3\\(3\\)jpl:*:*:*:*:*:*:*', 'cpe:2.3:o:cisco:ios:15.3\\(3\\)jpm:*:*:*:*:*:*:*', 'cpe:2.3:o:cisco:ios:15.3\\(3\\)jpn:*:*:*:*:*:*:*', 'cpe:2.3:o:cisco:ios:15.3\\(3\\)jpn1:*:*:*:*:*:*:*', 'cpe:2.3:o:cisco:ios:15.3\\(3\\)jpn2:*:*:*:*:*:*:*', 'cpe:2.3:o:cisco:ios:15.3\\(3\\)jpn3:*:*:*:*:*:*:*', 'cpe:2.3:o:cisco:ios:15.3\\(3\\)jpn4:*:*:*:*:*:*:*', 'cpe:2.3:o:cisco:ios:15.3\\(3\\)jpn5:*:*:*:*:*:*:*', 'cpe:2.3:o:cisco:ios:15.3\\(3\\)jpn6:*:*:*:*:*:*:*', 'cpe:2.3:o:cisco:ios:15.3\\(3\\)jpo:*:*:*:*:*:*:*', 'cpe:2.3:o:cisco:ios:15.3\\(3\\)jpp:*:*:*:*:*:*:*', 'cpe:2.3:o:cisco:ios:15.3\\(3\\)jpq:*:*:*:*:*:*:*', 'cpe:2.3:o:cisco:ios:15.3\\(3\\)jpq1:*:*:*:*:*:*:*', 'cpe:2.3:o:cisco:ios:15.3\\(3\\)jpq2:*:*:*:*:*:*:*', 'cpe:2.3:o:cisco:ios:15.3\\(3\\)jpq3:*:*:*:*:*:*:*', 'cpe:2.3:o:cisco:ios:15.3\\(3\\)jpq4:*:*:*:*:*:*:*', 'cpe:2.3:o:cisco:ios:15.3\\(3\\)jpq5:*:*:*:*:*:*:*', 'cpe:2.3:o:cisco:ios:15.3\\(3\\)jpr:*:*:*:*:*:*:*', 'cpe:2.3:o:cisco:ios:15.3\\(3\\)jps:*:*:*:*:*:*:*', 'cpe:2.3:o:cisco:ios:15.3\\(3\\)jpt:*:*:*:*:*:*:*', 'cpe:2.3:o:cisco:ios:15.3\\(3\\)jpt1:*:*:*:*:*:*:*', 'cpe:2.3:o:cisco:ios:15.3\\(3\\)jpt2:*:*:*:*:*:*:*', 'cpe:2.3:o:cisco:ios:15.3\\(3\\)m:*:*:*:*:*:*:*', 'cpe:2.3:o:cisco:ios:15.3\\(3\\)m1:*:*:*:*:*:*:*', 'cpe:2.3:o:cisco:ios:15.3\\(3\\)m2:*:*:*:*:*:*:*', 'cpe:2.3:o:cisco:ios:15.3\\(3\\)m3:*:*:*:*:*:*:*', 'cpe:2.3:o:cisco:ios:15.3\\(3\\)m4:*:*:*:*:*:*:*', 'cpe:2.3:o:cisco:ios:15.3\\(3\\)m5:*:*:*:*:*:*:*', 'cpe:2.3:o:cisco:ios:15.3\\(3\\)m6:*:*:*:*:*:*:*', 'cpe:2.3:o:cisco:ios:15.3\\(3\\)m7:*:*:*:*:*:*:*', 'cpe:2.3:o:cisco:ios:15.3\\(3\\)m8:*:*:*:*:*:*:*', 'cpe:2.3:o:cisco:ios:15.3\\(3\\)m8a:*:*:*:*:*:*:*', 'cpe:2.3:o:cisco:ios:15.3\\(3\\)m9:*:*:*:*:*:*:*', 'cpe:2.3:o:cisco:ios:15.3\\(3\\)m10:*:*:*:*:*:*:*', 'cpe:2.3:o:cisco:ios:15.4\\(1\\)cg:*:*:*:*:*:*:*', 'cpe:2.3:o:cisco:ios:15.4\\(1\\)cg1:*:*:*:*:*:*:*', 'cpe:2.3:o:cisco:ios:15.4\\(1\\)sy:*:*:*:*:*:*:*', 'cpe:2.3:o:cisco:ios:15.4\\(1\\)sy1:*:*:*:*:*:*:*', 'cpe:2.3:o:cisco:ios:15.4\\(1\\)sy2:*:*:*:*:*:*:*', 'cpe:2.3:o:cisco:ios:15.4\\(1\\)sy3:*:*:*:*:*:*:*', 'cpe:2.3:o:cisco:ios:15.4\\(1\\)sy4:*:*:*:*:*:*:*', 'cpe:2.3:o:cisco:ios:15.4\\(1\\)t:*:*:*:*:*:*:*', 'cpe:2.3:o:cisco:ios:15.4\\(1\\)t1:*:*:*:*:*:*:*', 'cpe:2.3:o:cisco:ios:15.4\\(1\\)t2:*:*:*:*:*:*:*', 'cpe:2.3:o:cisco:ios:15.4\\(1\\)t3:*:*:*:*:*:*:*', 'cpe:2.3:o:cisco:ios:15.4\\(1\\)t4:*:*:*:*:*:*:*', 'cpe:2.3:o:cisco:ios:15.4\\(2\\)cg:*:*:*:*:*:*:*', 'cpe:2.3:o:cisco:ios:15.4\\(2\\)t:*:*:*:*:*:*:*', 'cpe:2.3:o:cisco:ios:15.4\\(2\\)t1:*:*:*:*:*:*:*', 'cpe:2.3:o:cisco:ios:15.4\\(2\\)t2:*:*:*:*:*:*:*', 'cpe:2.3:o:cisco:ios:15.4\\(2\\)t3:*:*:*:*:*:*:*', 'cpe:2.3:o:cisco:ios:15.4\\(2\\)t4:*:*:*:*:*:*:*', 'cpe:2.3:o:cisco:ios:15.5\\(1\\)s:*:*:*:*:*:*:*', 'cpe:2.3:o:cisco:ios:15.5\\(1\\)s1:*:*:*:*:*:*:*', 'cpe:2.3:o:cisco:ios:15.5\\(1\\)s2:*:*:*:*:*:*:*', 'cpe:2.3:o:cisco:ios:15.5\\(1\\)s3:*:*:*:*:*:*:*', 'cpe:2.3:o:cisco:ios:15.5\\(1\\)s4:*:*:*:*:*:*:*', 'cpe:2.3:o:cisco:ios:15.5\\(1\\)sy:*:*:*:*:*:*:*', 'cpe:2.3:o:cisco:ios:15.5\\(1\\)sy1:*:*:*:*:*:*:*', 'cpe:2.3:o:cisco:ios:15.5\\(1\\)sy2:*:*:*:*:*:*:*', 'cpe:2.3:o:cisco:ios:15.5\\(1\\)sy3:*:*:*:*:*:*:*', 'cpe:2.3:o:cisco:ios:15.5\\(1\\)sy4:*:*:*:*:*:*:*', 'cpe:2.3:o:cisco:ios:15.5\\(1\\)sy5:*:*:*:*:*:*:*', 'cpe:2.3:o:cisco:ios:15.5\\(1\\)sy6:*:*:*:*:*:*:*', 'cpe:2.3:o:cisco:ios:15.5\\(1\\)sy7:*:*:*:*:*:*:*', 'cpe:2.3:o:cisco:ios:15.5\\(1\\)sy8:*:*:*:*:*:*:*', 'cpe:2.3:o:cisco:ios:15.5\\(1\\)sy9:*:*:*:*:*:*:*', 'cpe:2.3:o:cisco:ios:15.5\\(1\\)sy10:*:*:*:*:*:*:*', 'cpe:2.3:o:cisco:ios:15.5\\(1\\)sy11:*:*:*:*:*:*:*', 'cpe:2.3:o:cisco:ios:15.5\\(1\\)sy12:*:*:*:*:*:*:*', 'cpe:2.3:o:cisco:ios:15.5\\(1\\)sy13:*:*:*:*:*:*:*', 'cpe:2.3:o:cisco:ios:15.5\\(1\\)sy14:*:*:*:*:*:*:*', 'cpe:2.3:o:cisco:ios:15.5\\(1\\)sy15:*:*:*:*:*:*:*', 'cpe:2.3:o:cisco:ios:15.5\\(1\\)t:*:*:*:*:*:*:*', 'cpe:2.3:o:cisco:ios:15.5\\(1\\)t1:*:*:*:*:*:*:*', 'cpe:2.3:o:cisco:ios:15.5\\(1\\)t2:*:*:*:*:*:*:*', 'cpe:2.3:o:cisco:ios:15.5\\(1\\)t3:*:*:*:*:*:*:*', 'cpe:2.3:o:cisco:ios:15.5\\(1\\)t4:*:*:*:*:*:*:*', 'cpe:2.3:o:cisco:ios:15.5\\(2\\)s:*:*:*:*:*:*:*', 'cpe:2.3:o:cisco:ios:15.5\\(2\\)s1:*:*:*:*:*:*:*', 'cpe:2.3:o:cisco:ios:15.5\\(2\\)s2:*:*:*:*:*:*:*', 'cpe:2.3:o:cisco:ios:15.5\\(2\\)s3:*:*:*:*:*:*:*', 'cpe:2.3:o:cisco:ios:15.5\\(2\\)s4:*:*:*:*:*:*:*', 'cpe:2.3:o:cisco:ios:15.5\\(2\\)t:*:*:*:*:*:*:*', 'cpe:2.3:o:cisco:ios:15.5\\(2\\)t1:*:*:*:*:*:*:*', 'cpe:2.3:o:cisco:ios:15.5\\(2\\)t2:*:*:*:*:*:*:*', 'cpe:2.3:o:cisco:ios:15.5\\(2\\)t3:*:*:*:*:*:*:*', 'cpe:2.3:o:cisco:ios:15.5\\(2\\)t4:*:*:*:*:*:*:*', 'cpe:2.3:o:cisco:ios:15.5\\(3\\)m:*:*:*:*:*:*:*', 'cpe:2.3:o:cisco:ios:15.5\\(3\\)m0a:*:*:*:*:*:*:*', 'cpe:2.3:o:cisco:ios:15.5\\(3\\)m1:*:*:*:*:*:*:*', 'cpe:2.3:o:cisco:ios:15.5\\(3\\)m2:*:*:*:*:*:*:*', 'cpe:2.3:o:cisco:ios:15.5\\(3\\)m3:*:*:*:*:*:*:*', 'cpe:2.3:o:cisco:ios:15.5\\(3\\)m4:*:*:*:*:*:*:*', 'cpe:2.3:o:cisco:ios:15.5\\(3\\)m4a:*:*:*:*:*:*:*', 'cpe:2.3:o:cisco:ios:15.5\\(3\\)m5:*:*:*:*:*:*:*', 'cpe:2.3:o:cisco:ios:15.5\\(3\\)m6:*:*:*:*:*:*:*', 'cpe:2.3:o:cisco:ios:15.5\\(3\\)m6a:*:*:*:*:*:*:*', 'cpe:2.3:o:cisco:ios:15.5\\(3\\)m7:*:*:*:*:*:*:*', 'cpe:2.3:o:cisco:ios:15.5\\(3\\)m8:*:*:*:*:*:*:*', 'cpe:2.3:o:cisco:ios:15.5\\(3\\)m9:*:*:*:*:*:*:*', 'cpe:2.3:o:cisco:ios:15.5\\(3\\)m10:*:*:*:*:*:*:*', 'cpe:2.3:o:cisco:ios:15.5\\(3\\)s:*:*:*:*:*:*:*', 'cpe:2.3:o:cisco:ios:15.5\\(3\\)s0a:*:*:*:*:*:*:*', 'cpe:2.3:o:cisco:ios:15.5\\(3\\)s1:*:*:*:*:*:*:*', 'cpe:2.3:o:cisco:ios:15.5\\(3\\)s1a:*:*:*:*:*:*:*', 'cpe:2.3:o:cisco:ios:15.5\\(3\\)s2:*:*:*:*:*:*:*', 'cpe:2.3:o:cisco:ios:15.5\\(3\\)s3:*:*:*:*:*:*:*', 'cpe:2.3:o:cisco:ios:15.5\\(3\\)s4:*:*:*:*:*:*:*', 'cpe:2.3:o:cisco:ios:15.5\\(3\\)s5:*:*:*:*:*:*:*', 'cpe:2.3:o:cisco:ios:15.5\\(3\\)s6:*:*:*:*:*:*:*', 'cpe:2.3:o:cisco:ios:15.5\\(3\\)s6a:*:*:*:*:*:*:*', 'cpe:2.3:o:cisco:ios:15.5\\(3\\)s6b:*:*:*:*:*:*:*', 'cpe:2.3:o:cisco:ios:15.5\\(3\\)s7:*:*:*:*:*:*:*', 'cpe:2.3:o:cisco:ios:15.5\\(3\\)s8:*:*:*:*:*:*:*', 'cpe:2.3:o:cisco:ios:15.5\\(3\\)s9:*:*:*:*:*:*:*', 'cpe:2.3:o:cisco:ios:15.5\\(3\\)s9a:*:*:*:*:*:*:*', 'cpe:2.3:o:cisco:ios:15.5\\(3\\)s10:*:*:*:*:*:*:*', 'cpe:2.3:o:cisco:ios:15.5\\(3\\)sn:*:*:*:*:*:*:*', 'cpe:2.3:o:cisco:ios:15.6\\(1\\)s:*:*:*:*:*:*:*', 'cpe:2.3:o:cisco:ios:15.6\\(1\\)s1:*:*:*:*:*:*:*', 'cpe:2.3:o:cisco:ios:15.6\\(1\\)s2:*:*:*:*:*:*:*', 'cpe:2.3:o:cisco:ios:15.6\\(1\\)s3:*:*:*:*:*:*:*', 'cpe:2.3:o:cisco:ios:15.6\\(1\\)s4:*:*:*:*:*:*:*', 'cpe:2.3:o:cisco:ios:15.6\\(1\\)t:*:*:*:*:*:*:*', 'cpe:2.3:o:cisco:ios:15.6\\(1\\)t0a:*:*:*:*:*:*:*', 'cpe:2.3:o:cisco:ios:15.6\\(1\\)t1:*:*:*:*:*:*:*', 'cpe:2.3:o:cisco:ios:15.6\\(1\\)t2:*:*:*:*:*:*:*', 'cpe:2.3:o:cisco:ios:15.6\\(1\\)t3:*:*:*:*:*:*:*', 'cpe:2.3:o:cisco:ios:15.6\\(2\\)s:*:*:*:*:*:*:*', 'cpe:2.3:o:cisco:ios:15.6\\(2\\)s1:*:*:*:*:*:*:*', 'cpe:2.3:o:cisco:ios:15.6\\(2\\)s2:*:*:*:*:*:*:*', 'cpe:2.3:o:cisco:ios:15.6\\(2\\)s3:*:*:*:*:*:*:*', 'cpe:2.3:o:cisco:ios:15.6\\(2\\)s4:*:*:*:*:*:*:*', 'cpe:2.3:o:cisco:ios:15.6\\(2\\)sn:*:*:*:*:*:*:*', 'cpe:2.3:o:cisco:ios:15.6\\(2\\)sp:*:*:*:*:*:*:*', 'cpe:2.3:o:cisco:ios:15.6\\(2\\)sp1:*:*:*:*:*:*:*', 'cpe:2.3:o:cisco:ios:15.6\\(2\\)sp2:*:*:*:*:*:*:*', 'cpe:2.3:o:cisco:ios:15.6\\(2\\)sp3:*:*:*:*:*:*:*', 'cpe:2.3:o:cisco:ios:15.6\\(2\\)sp4:*:*:*:*:*:*:*', 'cpe:2.3:o:cisco:ios:15.6\\(2\\)sp5:*:*:*:*:*:*:*', 'cpe:2.3:o:cisco:ios:15.6\\(2\\)sp6:*:*:*:*:*:*:*', 'cpe:2.3:o:cisco:ios:15.6\\(2\\)sp7:*:*:*:*:*:*:*', 'cpe:2.3:o:cisco:ios:15.6\\(2\\)sp8:*:*:*:*:*:*:*', 'cpe:2.3:o:cisco:ios:15.6\\(2\\)sp9:*:*:*:*:*:*:*', 'cpe:2.3:o:cisco:ios:15.6\\(2\\)t:*:*:*:*:*:*:*', 'cpe:2.3:o:cisco:ios:15.6\\(2\\)t1:*:*:*:*:*:*:*', 'cpe:2.3:o:cisco:ios:15.6\\(2\\)t2:*:*:*:*:*:*:*', 'cpe:2.3:o:cisco:ios:15.6\\(2\\)t3:*:*:*:*:*:*:*', 'cpe:2.3:o:cisco:ios:15.6\\(3\\)m:*:*:*:*:*:*:*', 'cpe:2.3:o:cisco:ios:15.6\\(3\\)m0a:*:*:*:*:*:*:*', 'cpe:2.3:o:cisco:ios:15.6\\(3\\)m1:*:*:*:*:*:*:*', 'cpe:2.3:o:cisco:ios:15.6\\(3\\)m1b:*:*:*:*:*:*:*', 'cpe:2.3:o:cisco:ios:15.6\\(3\\)m2:*:*:*:*:*:*:*', 'cpe:2.3:o:cisco:ios:15.6\\(3\\)m2a:*:*:*:*:*:*:*', 'cpe:2.3:o:cisco:ios:15.6\\(3\\)m3:*:*:*:*:*:*:*', 'cpe:2.3:o:cisco:ios:15.6\\(3\\)m3a:*:*:*:*:*:*:*', 'cpe:2.3:o:cisco:ios:15.6\\(3\\)m4:*:*:*:*:*:*:*', 'cpe:2.3:o:cisco:ios:15.6\\(3\\)m5:*:*:*:*:*:*:*', 'cpe:2.3:o:cisco:ios:15.6\\(3\\)m6:*:*:*:*:*:*:*', 'cpe:2.3:o:cisco:ios:15.6\\(3\\)m6a:*:*:*:*:*:*:*', 'cpe:2.3:o:cisco:ios:15.6\\(3\\)m6b:*:*:*:*:*:*:*', 'cpe:2.3:o:cisco:ios:15.6\\(3\\)m7:*:*:*:*:*:*:*', 'cpe:2.3:o:cisco:ios:15.6\\(3\\)m8:*:*:*:*:*:*:*', 'cpe:2.3:o:cisco:ios:15.6\\(3\\)m9:*:*:*:*:*:*:*', 'cpe:2.3:o:cisco:ios:15.7\\(3\\)m:*:*:*:*:*:*:*', 'cpe:2.3:o:cisco:ios:15.7\\(3\\)m0a:*:*:*:*:*:*:*', 'cpe:2.3:o:cisco:ios:15.7\\(3\\)m1:*:*:*:*:*:*:*', 'cpe:2.3:o:cisco:ios:15.7\\(3\\)m2:*:*:*:*:*:*:*', 'cpe:2.3:o:cisco:ios:15.7\\(3\\)m3:*:*:*:*:*:*:*', 'cpe:2.3:o:cisco:ios:15.7\\(3\\)m4:*:*:*:*:*:*:*', 'cpe:2.3:o:cisco:ios:15.7\\(3\\)m4a:*:*:*:*:*:*:*', 'cpe:2.3:o:cisco:ios:15.7\\(3\\)m4b:*:*:*:*:*:*:*', 'cpe:2.3:o:cisco:ios:15.7\\(3\\)m5:*:*:*:*:*:*:*', 'cpe:2.3:o:cisco:ios:15.7\\(3\\)m6:*:*:*:*:*:*:*', 'cpe:2.3:o:cisco:ios:15.7\\(3\\)m7:*:*:*:*:*:*:*', 'cpe:2.3:o:cisco:ios:15.7\\(3\\)m8:*:*:*:*:*:*:*', 'cpe:2.3:o:cisco:ios:15.7\\(3\\)m9:*:*:*:*:*:*:*', 'cpe:2.3:o:cisco:ios:15.8\\(3\\)m:*:*:*:*:*:*:*', 'cpe:2.3:o:cisco:ios:15.8\\(3\\)m0a:*:*:*:*:*:*:*', 'cpe:2.3:o:cisco:ios:15.8\\(3\\)m0b:*:*:*:*:*:*:*', 'cpe:2.3:o:cisco:ios:15.8\\(3\\)m1:*:*:*:*:*:*:*', 'cpe:2.3:o:cisco:ios:15.8\\(3\\)m1a:*:*:*:*:*:*:*', 'cpe:2.3:o:cisco:ios:15.8\\(3\\)m2:*:*:*:*:*:*:*', 'cpe:2.3:o:cisco:ios:15.8\\(3\\)m2a:*:*:*:*:*:*:*', 'cpe:2.3:o:cisco:ios:15.8\\(3\\)m3:*:*:*:*:*:*:*', 'cpe:2.3:o:cisco:ios:15.8\\(3\\)m3a:*:*:*:*:*:*:*', 'cpe:2.3:o:cisco:ios:15.8\\(3\\)m3b:*:*:*:*:*:*:*', 'cpe:2.3:o:cisco:ios:15.8\\(3\\)m4:*:*:*:*:*:*:*', 'cpe:2.3:o:cisco:ios:15.8\\(3\\)m5:*:*:*:*:*:*:*', 'cpe:2.3:o:cisco:ios:15.8\\(3\\)m6:*:*:*:*:*:*:*', 'cpe:2.3:o:cisco:ios:15.8\\(3\\)m7:*:*:*:*:*:*:*', 'cpe:2.3:o:cisco:ios:15.8\\(3\\)m8:*:*:*:*:*:*:*', 'cpe:2.3:o:cisco:ios:15.8\\(3\\)m9:*:*:*:*:*:*:*', 'cpe:2.3:o:cisco:ios:15.9\\(3\\)m:*:*:*:*:*:*:*', 'cpe:2.3:o:cisco:ios:15.9\\(3\\)m0a:*:*:*:*:*:*:*', 'cpe:2.3:o:cisco:ios:15.9\\(3\\)m1:*:*:*:*:*:*:*', 'cpe:2.3:o:cisco:ios:15.9\\(3\\)m2:*:*:*:*:*:*:*', 'cpe:2.3:o:cisco:ios:15.9\\(3\\)m2a:*:*:*:*:*:*:*', 'cpe:2.3:o:cisco:ios:15.9\\(3\\)m3:*:*:*:*:*:*:*', 'cpe:2.3:o:cisco:ios:15.9\\(3\\)m3a:*:*:*:*:*:*:*', 'cpe:2.3:o:cisco:ios:15.9\\(3\\)m3b:*:*:*:*:*:*:*', 'cpe:2.3:o:cisco:ios:15.9\\(3\\)m4:*:*:*:*:*:*:*', 'cpe:2.3:o:cisco:ios:15.9\\(3\\)m4a:*:*:*:*:*:*:*', 'cpe:2.3:o:cisco:ios:15.9\\(3\\)m5:*:*:*:*:*:*:*', 'cpe:2.3:o:cisco:ios:15.9\\(3\\)m6:*:*:*:*:*:*:*', 'cpe:2.3:o:cisco:ios:15.9\\(3\\)m6a:*:*:*:*:*:*:*', 'cpe:2.3:o:cisco:ios:15.9\\(3\\)m6b:*:*:*:*:*:*:*', 'cpe:2.3:o:cisco:ios:15.9\\(3\\)m7:*:*:*:*:*:*:*', 'cpe:2.3:o:cisco:ios:15.9\\(3\\)m7a:*:*:*:*:*:*:*', 'cpe:2.3:o:cisco:ios:15.9\\(3\\)m8:*:*:*:*:*:*:*', 'cpe:2.3:o:cisco:ios:15.9\\(3\\)m8b:*:*:*:*:*:*:*', 'cpe:2.3:o:cisco:ios:15.9\\(3\\)m9:*:*:*:*:*:*:*', 'cpe:2.3:o:cisco:ios:15.9\\(3\\)m10:*:*:*:*:*:*:*', 'cpe:2.3:o:cisco:ios:15.9\\(3\\)m11:*:*:*:*:*:*:*']",2,['CWE-121'],3.1,CVSS:3.1/AV:N/AC:L/PR:L/UI:N/S:C/C:N/I:N/A:H,7.7,HIGH,NETWORK,LOW,LOW,NONE,CHANGED,NONE,NONE,HIGH,CVE-2025-20352,0.00893,0.74876
3748,CVE-2025-59832,security-advisories@github.com,2025-09-25 15:16:14.100,2025-09-29 14:03:20.917,Analyzed,"[{'url': 'https://github.com/Mmo-kali/CVE/blob/main/CVE-2025-59832/2025-08-Horilla_Vulnerability_1.pdf', 'source': 'security-advisories@github.com', 'tags': ['Exploit', 'Third Party Advisory']}, {'url': 'https://github.com/horilla-opensource/horilla/security/advisories/GHSA-8x78-6q9g-hv2h', 'source': 'security-advisories@github.com', 'tags': ['Exploit', 'Vendor Advisory']}, {'url': 'https://github.com/horilla-opensource/horilla/security/advisories/GHSA-8x78-6q9g-hv2h', 'source': '134c704f-9b21-4f2e-91b3-4a467353bcc0', 'tags': ['Exploit', 'Vendor Advisory']}]",,,,,"Horilla is a free and open source Human Resource Management System (HRMS). Prior to version 1.4.0, there is a stored XSS vulnerability in the ticket comment editor. A low-privilege authenticated user could run arbitrary JavaScript in an admins browser, exfiltrate the admins cookies/CSRF token, and hijack their session. This issue has been patched in version 1.4.0.",['cpe:2.3:a:horilla:horilla:*:*:*:*:*:*:*:*'],3,['CWE-79'],3.1,CVSS:3.1/AV:N/AC:L/PR:L/UI:N/S:C/C:H/I:H/A:L,9.9,CRITICAL,NETWORK,LOW,LOW,NONE,CHANGED,HIGH,HIGH,LOW,CVE-2025-59832,0.00053,0.16806
3755,CVE-2025-20362,psirt@cisco.com,2025-09-25 16:15:32.280,2025-11-06 14:51:19.950,Analyzed,"[{'url': 'https://sec.cloudapps.cisco.com/security/center/content/CiscoSecurityAdvisory/cisco-sa-asaftd-webvpn-YROOTUW', 'source': 'psirt@cisco.com', 'tags': ['Vendor Advisory']}, {'url': 'https://sec.cloudapps.cisco.com/security/center/resources/asa_ftd_continued_attacks', 'source': '134c704f-9b21-4f2e-91b3-4a467353bcc0', 'tags': ['Vendor Advisory']}, {'url': 'https://www.cisa.gov/known-exploited-vulnerabilities-catalog?field_cve=CVE-2025-20362', 'source': '134c704f-9b21-4f2e-91b3-4a467353bcc0', 'tags': ['US Government Resource']}]",2025-09-25,2025-09-26,The KEV due date refers to the deadline by which FCEB agencies are expected to review and begin implementing the guidance outlined in Emergency Directive (ED) 25-03 (URL listed below in Notes). Agencies must follow the mitigation steps provided by CISA (URL listed below in Notes) and vendors instructions (URL listed below in Notes). Adhere to the applicable BOD 22-01 guidance for cloud services or discontinue use of the product if mitigations are not available.,Cisco Secure Firewall Adaptive Security (ASA) Appliance and Secure Firewall Threat Defense (FTD) Missing Authorization Vulnerability,"Update: On November 5, 2025, Cisco became aware of a new attack variant against devices running Cisco Secure ASA Software or Cisco Secure FTD Software releases that are affected by CVE-2025-20333 and CVE-2025-20362. This attack can cause unpatched devices to unexpectedly reload, leading to denial of service (DoS) conditions. Cisco strongly recommends that all customers upgrade to the fixed software releases that are listed in the Fixed Software [""#fs""] section of this advisory.
 A vulnerability in the VPN web server of Cisco Secure Firewall Adaptive Security Appliance (ASA) Software and Cisco Secure Firewall Threat Defense (FTD) Software could allow an unauthenticated, remote attacker to access restricted URL endpoints that are related to remote access VPN that should otherwise be inaccessible without authentication.
 This vulnerability is due to improper validation of user-supplied input in HTTP(S) requests. An attacker could exploit this vulnerability by sending crafted HTTP requests to a targeted web server on a device. A successful exploit could allow the attacker to access a restricted URL without authentication.","['cpe:2.3:o:cisco:adaptive_security_appliance_software:*:*:*:*:*:*:*:*', 'cpe:2.3:o:cisco:adaptive_security_appliance_software:*:*:*:*:*:*:*:*', 'cpe:2.3:o:cisco:adaptive_security_appliance_software:*:*:*:*:*:*:*:*', 'cpe:2.3:o:cisco:adaptive_security_appliance_software:*:*:*:*:*:*:*:*', 'cpe:2.3:o:cisco:adaptive_security_appliance_software:*:*:*:*:*:*:*:*', 'cpe:2.3:o:cisco:adaptive_security_appliance_software:*:*:*:*:*:*:*:*', 'cpe:2.3:o:cisco:adaptive_security_appliance_software:*:*:*:*:*:*:*:*', 'cpe:2.3:a:cisco:firepower_threat_defense:*:*:*:*:*:*:*:*', 'cpe:2.3:a:cisco:firepower_threat_defense:*:*:*:*:*:*:*:*', 'cpe:2.3:a:cisco:firepower_threat_defense:*:*:*:*:*:*:*:*', 'cpe:2.3:a:cisco:firepower_threat_defense:*:*:*:*:*:*:*:*', 'cpe:2.3:a:cisco:firepower_threat_defense:*:*:*:*:*:*:*:*']",3,['CWE-862'],3.1,CVSS:3.1/AV:N/AC:L/PR:N/UI:N/S:U/C:L/I:L/A:H,8.6,HIGH,NETWORK,LOW,NONE,NONE,UNCHANGED,LOW,LOW,HIGH,CVE-2025-20362,0.00812,0.73571
4136,CVE-2025-41244,security@vmware.com,2025-09-29 17:15:30.843,2025-11-06 13:58:13.620,Analyzed,"[{'url': 'http://support.broadcom.com/group/ecx/support-content-view/-/support-content/Security%20Advisories/VMSA-2025-0015--VMware-Aria-Operations-and-VMware-Tools-updates-address-multiple-vulnerabilities--CVE-2025-41244-CVE-2025-41245--CVE-2025-41246-/36149', 'source': 'security@vmware.com', 'tags': ['Permissions Required']}, {'url': 'http://www.openwall.com/lists/oss-security/2025/09/29/10', 'source': 'af854a3a-2127-422b-91ae-364da2661108', 'tags': ['Mailing List', 'Third Party Advisory']}, {'url': 'https://lists.debian.org/debian-lts-announce/2025/10/msg00000.html', 'source': 'af854a3a-2127-422b-91ae-364da2661108', 'tags': ['Mailing List', 'Third Party Advisory']}, {'url': 'https://blog.nviso.eu/2025/09/29/you-name-it-vmware-elevates-it-cve-2025-41244/', 'source': '134c704f-9b21-4f2e-91b3-4a467353bcc0', 'tags': ['Exploit', 'Third Party Advisory']}, {'url': 'https://support.broadcom.com/web/ecx/support-content-notification/-/external/content/SecurityAdvisories/0/36149', 'source': '134c704f-9b21-4f2e-91b3-4a467353bcc0', 'tags': ['Vendor Advisory']}, {'url': 'https://www.cisa.gov/known-exploited-vulnerabilities-catalog?field_cve=CVE-2025-41244', 'source': '134c704f-9b21-4f2e-91b3-4a467353bcc0', 'tags': ['US Government Resource']}]",2025-10-30,2025-11-20,"Apply mitigations per vendor instructions, follow applicable BOD 22-01 guidance for cloud services, or discontinue use of the product if mitigations are unavailable.",Broadcom VMware Aria Operations and VMware Tools Privilege Defined with Unsafe Actions Vulnerability,VMware Aria Operations and VMware Tools contain a local privilege escalation vulnerability.A malicious local actor with non-administrative privileges having access to a VM with VMware Toolsinstalled and managed by Aria Operations with SDMP enabled may exploit this vulnerability to escalate privileges to root on the same VM.,"['cpe:2.3:a:vmware:aria_operations:*:*:*:*:*:*:*:*', 'cpe:2.3:a:vmware:cloud_foundation:*:*:*:*:*:*:*:*', 'cpe:2.3:a:vmware:cloud_foundation_operations:9.0:*:*:*:*:*:*:*', 'cpe:2.3:a:vmware:open_vm_tools:*:*:*:*:*:*:*:*', 'cpe:2.3:a:vmware:open_vm_tools:13.0.0:*:*:*:*:*:*:*', 'cpe:2.3:a:vmware:telco_cloud_infrastructure:*:*:*:*:*:*:*:*', 'cpe:2.3:a:vmware:telco_cloud_platform:*:*:*:*:*:*:*:*', 'cpe:2.3:o:debian:debian_linux:11.0:*:*:*:*:*:*:*', 'cpe:2.3:a:vmware:tools:*:*:*:*:*:*:*:*', 'cpe:2.3:a:vmware:tools:*:*:*:*:*:*:*:*']",6,['CWE-267'],3.1,CVSS:3.1/AV:L/AC:L/PR:L/UI:N/S:U/C:H/I:H/A:H,7.8,HIGH,LOCAL,LOW,LOW,NONE,UNCHANGED,HIGH,HIGH,HIGH,CVE-2025-41244,0.00014,0.01906
